insert into public.t_gruppo (id, descrizione, flg_attesa_pagamento, flg_concessioni_valide, flg_fascicolo, flg_gest_invio_mail_determina, flg_gest_richiesta_parere, flg_gestione_profilo, flg_gestione_utenti, flg_inserisci_richiesta, flg_necessaria_integrazione, flg_pratica_inserita, flg_pratiche_approvate, flg_pratiche_archiviate, flg_pratiche_da_rigettare, flg_pratiche_preavviso_diniego, flg_pratiche_rigettate, flg_pronte_rilascio, flg_richiesta_pareri, flg_verifica_pratiche, flg_verifica_ripristino_luoghi)
values  (1, 'Admin', false, false, false, false, false, true, true, false, false, false, false, false, false, false, false, false, false, false, false),
        (2, 'Operatore Sportello', true, true, true, false, false, true, false, true, true, false, false, false, false, false, false, false, false, false, false),
        (3, 'Direttore Municipio', true, true, true, false, false, true, false, false, true, true, true, true, true, true, true, true, true, true, false),
        (4, 'Istruttore Municipio', true, true, true, false, false, true, false, true, true, true, true, true, true, true, true, true, true, true, false),
        (5, 'Polizia Locale', false, true, true, false, false, true, false, false, false, false, false, true, false, false, true, false, true, false, true),
        (7, 'Ripartizione Urbanistica', false, true, true, false, true, true, false, false, false, false, false, true, false, false, true, false, true, false, false),
        (11, 'Ripartizione Tributi', false, true, true, true, false, true, false, false, false, false, false, true, false, false, true, false, false, false, false),
        (12, 'Ripartizione Ragioneria', false, true, true, true, false, true, false, false, false, false, false, true, false, false, true, false, false, false, false),
        (13, 'Concessionario', false, true, true, true, false, true, false, false, false, false, false, false, false, false, false, false, false, false, false),
        (14, 'IVOOPP - Settore Urbanizzazioni Primarie', false, true, true, false, true, true, false, false, false, false, false, true, false, false, true, false, true, false, false),
        (15, 'IVOOPP - Settore Giardini', false, true, true, false, true, true, false, false, false, false, false, true, false, false, true, false, true, false, false),
        (16, 'IVOOPP - Settore Interventi sul Territorio', false, true, true, false, true, true, false, false, false, false, false, true, false, false, true, false, true, false, false),
        (17, 'IVOOPP - Settore Infrastrutture a Rete', false, true, true, false, true, true, false, false, false, false, false, true, false, false, true, false, true, false, false),
        (18, 'Ripartizione Patrimonio', false, true, true, false, true, true, false, false, false, false, false, true, false, false, true, false, true, false, false),
        (19, 'Polizia Locale Generale', false, true, true, false, false, true, false, false, false, false, false, true, false, false, true, false, true, false, false),
        (20, 'EGOV', false, false, false, false, false, false, false, false, false, false, false, false, false, false, false, false, false, false, false),
        (21, 'Destinatari ordinanze', false, false, false, false, false, false, false, false, false, false, false, false, false, false, false, false, false, false, false);

insert into public.t_utente (id, codice_fiscale, cognome, data_di_nascita, data_eliminazione, date_created, email, enabled, flg_eliminato, indirizzo, last_login, luogo_di_nascita, nome, num_tel, password_, provincia_di_nascita, ragione_sociale, sesso, uo_id, username, id_gruppo)
values  (8, 'TNLFME80A41A662E', 'Tinelli', '1980-01-01', null, '2023-01-26 17:33:23.000000', 'e.tinelli@comune.bari.it', true, false, null, '2023-02-08 15:49:22.000000', 'Bari', 'Eufemia', '3333333333', '$2a$10$SukvUQf1VWTs/VNGxVCQmOLF76sAuckkk2pvZIL.roMgGUy2oDKXC', 'BA', null, 'F', null, 'e.Tinelli', 1),
        (11, 'GRSPLA01A01A662A', 'Agresti (TEST-OM4)', '1901-01-01', null, '2023-02-09 10:23:29.000000', 'p.agresti@comune.bari.it', true, false, null, '2023-02-10 15:08:16.000000', 'Bari', 'Paolo', '1111111111', '$2a$10$LjbLbuuMh15nObY1grf9XOdaFTpZAbKf7tMXQM6i48TABgH.Ul482', 'BA', 'Ufficio di Ricezione (Municipio 4)', 'M', '3671', 'operatorem4', 2),
        (27, 'GRSPLA11B01A662M', 'Agresti (Test-urb-primarie)', '1011-02-01', null, '2023-03-10 13:56:55.000000', 'p.agresti@comune.bari.it', true, false, null, null, 'Bari', 'Paolo', '1111111111', '$2a$10$UYmdmRnT4eQkXFp4MDCbqezVo1KVlIQ2FBPoSczCQb83p8vOK8IaG', 'BA', 'Segreteria Settore Urbanizzazioni Primarie', 'M', '3813', 'ivoopp.urb', 14),
        (10, 'MTSSRT01A01A662T', 'M4-test', '1901-01-01', null, '2023-02-09 10:21:50.000000', 'p.agresti@comune.bari.it', true, false, null, '2023-06-27 18:40:03.000000', 'Bari', 'Istruttore', '1111111111', '$2a$10$ocOK3RR.LHMZVBRIum4WfuXt4IzU352lsz2nEge1SyLptebCpGXO.', 'BA', 'Ufficio di Ricezione (Municipio 4)', 'M', '3671', 'istruttorem4', 4),
        (26, 'GRSPLA11A01A662N', 'Agresti (Test-urbanistica)', '1011-01-01', null, '2023-03-10 13:53:21.000000', 'p.agresti@comune.bari.it', true, false, null, '2023-04-20 13:05:06.000000', 'Bari', 'Paolo', '1111111111', '$2a$10$fG2ZVxRe.A4H8/KpLIwRde8ZDYeCZ0J6DJFt13U/nZo86nCeutkyW', 'BA', 'Ufficio di Ricezione (Rip. Urbanistica ed Edilizia Privata)', 'M', '3901', 'urbanistica', 7),
        (29, 'GRSPLA23C02A662D', 'Agresti (Test-patrimonio)', '2023-03-02', null, '2023-03-14 09:36:25.000000', 'p.agresti@comune.bari.it', true, false, null, '2023-04-05 13:05:01.000000', 'Bari', 'Paolo', '1111111111', '$2a$10$gPQsq2jzyqR5DAQ.tasIuOySjz.45lK4tH4wjs/h.jZ7jJZ.rQslC', 'BA', 'Ufficio di Ricezione (Rip. Patrimonio)', 'M', '3809', 'patrimonio', 18),
        (7, 'GRSPLA91A01A662I', 'Agresti', '1991-01-01', null, '2023-01-26 17:30:27.000000', 'p.agresti@comune.bari.it', true, false, null, '2023-06-23 08:58:37.000000', 'Bari', 'Paolo', '3334343434', '$2a$10$1AOV4HSY78kGl8/ri3pKDOdHFtuRi208pZzfXLqOXCyjPjkWAthfe', 'BA', '', 'M', null, 'p.Agresti', 1),
        (25, 'GRSPLA01A01A662P', 'Agresti (Test-infr-rete)', '2001-01-01', null, '2023-03-10 13:47:40.000000', 'p.agresti@comune.bari.it', true, false, null, null, 'Bari', 'Paolo', '1111111111', '$2a$10$/HRglybAvrGJH.tQerq9eeNipRudEtReHhTmttlAEuLCLFDnaOuFe', 'BA', 'POS Infrastrutture a Rete', 'M', '3810', 'ivoopp.rete', 17),
        (13, 'DMDDVD23B08A662R', 'diomede', '2023-02-08', null, '2023-02-09 13:29:44.000000', 'd.diomede@comune.bari.it', true, false, null, '2023-08-04 07:47:53.000000', 'bari', 'davide', '', '$2a$10$vCDx2qE0J6JCLG/m6Vq/8uXN/P23xWODih8LefGEqD4y0SuWUmQ0G', 'BA', 'Ufficio di Ricezione (Municipio 2)', 'M', '3669', 'd.diomede.istruttore', 4),
        (19, 'MTSSRT23B10A662A', 'M1-TEST', '2023-02-10', null, '2023-02-10 13:20:19.000000', 'p.agresti@comune.bari.it', true, false, null, '2023-07-24 08:51:15.000000', 'Bari', 'Istruttore', '1111111111', '$2a$10$t9E2yHkzgjb0IkH1LjKauOipqqU.brNi.1/nc0wENnV6AEqjDqJCS', 'BA', 'Ufficio di Ricezione (Municipio 1)', 'M', '3668', 'istruttorem1', 4),
        (28, 'GRSPLA23C01A662Y', 'Agresti (Test-giardini)', '2023-03-01', null, '2023-03-10 13:57:57.000000', 'p.agresti@comune.bari.it', true, false, null, '2023-06-15 11:47:24.000000', 'Bari', 'Paolo', '1111111111', '$2a$10$6SrOjzMGVzdKNAHoaBXW1OjeI.CdlEh1QQGn5ZxXkoskt7ILua1Si', 'BA', 'Segreteria Settore Giardini', 'M', '3811', 'ivoopp.giardini', 15),
        (9, 'DMDDVD80A01A662K', 'Diomede', '1980-01-01', null, '2023-01-26 17:35:06.000000', 'd.diomede@comune.bari.it', true, false, null, '2023-07-28 07:56:41.000000', 'Bari', 'Davide', '0805774709', '$2a$10$cwGsQuP316lZE/hsMjLqD.yrV9.vXCu8Q1MN12PN1IXHgcwjuQ22i', 'BA', null, 'M', null, 'd.Diomede', 1),
        (20, 'MNCDTT23B10A662E', 'Municipio1-TEST', '2023-02-10', null, '2023-02-10 13:22:02.000000', 'p.agresti@comune.bari.it', true, false, null, '2023-03-20 11:02:39.000000', 'Bari', 'Direttore', '1111111112', '$2a$10$KlBoy9ncsBxHrskXSSprf.Mo/XIPQ1JWBTB9aKllr7gqmEs/2O6Da', 'BA', 'Ufficio di Ricezione (Municipio 1)', 'M', '3668', 'direttorem1', 3),
        (30, 'GRSPLA23C12A662E', 'Agresti (Test-tributi', '2023-03-12', null, '2023-03-14 09:37:06.000000', 'p.agresti@comune.bari.it', true, false, null, null, 'Bari', 'Paolo', '1111111111', '$2a$10$/8Q0keOhINSfE3px2eJtIuijz8Bet9TPyRaCXvdhnqOlU5lmU4NGi', 'BA', 'Ufficio di Ricezione (Rip. Tributi)', 'M', '3902', 'tributi', 11),
        (31, 'GRSAAA23C02A662D', 'Agresti (Test-ragioneria', '2023-03-02', null, '2023-03-14 09:38:14.000000', 'p.agresti@comune.bari.it', true, false, null, null, 'Bari', 'Paolo', '1111111111', '$2a$10$.6KjubG.d803vjxDve0G4eZ3k4nL/KtbW3MsZOJwUYVC1UA6sStkK', 'BA', 'Ufficio di Ricezione (Rip. Ragioneria Generale)', 'M', '3674', 'ragioneria', 12),
        (32, 'GRSPLA23C03A662F', 'Agresti (Test-interv-territorio)', '2023-03-03', null, '2023-03-14 09:39:05.000000', 'p.agresti@comune.bari.it', true, false, null, '2023-04-18 13:45:44.000000', 'Bari', 'Paolo', '1111111111', '$2a$10$qR/Lqybws/7TPiBlfBGPN.mKMKn.tSWxdUsvK.DViV5QfTNq2Oehy', 'BA', 'Segreteria Settore Interventi sul territorio', 'M', '3812', 'ivoopp.territorio', 16),
        (1, 'DMNDMN00A01H501R', 'Admin', null, null, '2023-01-26 13:47:20.492532', 'osp.comune.ba@gmail.com', true, false, null, '2023-08-04 12:27:32.000000', null, 'Admin', null, '$2a$10$s07QXhSwVkfW6JmWq2/6pOj2vLmCOLAx/N3rO0UW6hnFVCrvMebR2', null, null, null, null, 'admin', 1),
        (40, 'DMDDVD23D20A662I', 'Diomede', '2023-04-20', null, '2023-04-20 08:41:36.000000', 'd.diomede@comune.bari.it', true, false, null, '2023-06-22 10:12:59.000000', 'bari', 'Davide', null, '$2a$10$X7DazCnRg7s96WgZxNdjMe4kocvY3N4AvP0yp/SHHjvDvYVwG.MZi', 'BA', 'Ufficio di Ricezione (Municipio 4)', 'M', '3671', 'd.diomede4', 4),
        (24, 'GRSPLA23A01A662U', 'Agresti (Test-pl)', '2023-01-01', null, '2023-03-03 12:26:13.000000', 'p.agresti@comune.bari.it', true, false, null, '2023-06-09 08:38:01.000000', 'Bari', 'Paolo', '1111111111', '$2a$10$2u77wo7aS/Ov5WNd./T3Hu8y5vXX5js5plJfaZOy/6eozQEMYGyyq', 'BA', 'Ufficio di Ricezione (Rip. Corpo di Polizia Municipale e Protezione Civile)', 'M', '3673', 'polizia', 5),
        (38, 'DMDDVD82S16A662N', 'Diomede', '1982-11-16', null, '2023-04-20 08:40:30.000000', 'd.diomede@comune.bari.it', true, false, null, '2023-06-23 12:47:58.000000', 'bari', 'Davide', null, '$2a$10$F/.QjT77YCg0wYnJxvxxrO976D04bJ.qtd75V81X2PmjKBgMrElsu', 'BA', 'Ufficio di Ricezione (Municipio 1)', 'M', '3668', 'd.diomede1', 4),
        (43, 'DRTMST23D01A662S', 'Direttore', '2023-04-01', null, '2023-04-20 12:28:14.000000', 'p.agresti@comune.bari.it', true, false, null, '2023-04-20 13:04:51.000000', 'Bari', 'M5test', '1111111111', '$2a$10$iV88TBfPiGC/jICqaTdnLeKaGIJ21PllkZVC1cRxxwECosrxofEkG', 'BA', 'Ufficio di Ricezione (Municipio 5)', 'M', '3672', 'dirm5', 3),
        (49, 'MNCMSM01A01A662X', 'Mineccia', '1901-01-01', null, '2023-06-19 10:33:27.000000', 'm.mineccia@comune.bari.it', true, false, null, null, 'Bari', 'Massimiliano', null, '$2a$10$HnMxwMWMTp3Wf0FWWQr5Lu3bULxaUoYSqDHuKK82/daIsd8MhUBT2', 'BA', 'Ufficio di Ricezione (Rip. Corpo di Polizia Municipale e Protezione Civile)', 'M', '3673', 'm.mineccia', 19),
        (39, 'DMDDDX23D20A662Z', 'Diomede', '2023-04-20', null, '2023-04-20 08:41:10.000000', 'd.diomede@comune.bari.it', true, false, null, '2023-06-22 10:12:22.000000', 'bari', 'Dd', null, '$2a$10$z.yBlzr0YnUB3z5nxaelDO4b.2rh2.XR7KfcAXW19B7jkEQnGV9sq', 'BA', 'Ufficio di Ricezione (Municipio 3)', 'M', '3670', 'd.diomede3', 4),
        (55, 'NNSGPP01A01A662U', 'Annoscia', '1901-01-01', null, '2023-06-19 11:35:47.000000', 'g.annoscia@comune.bari.it', true, false, null, null, 'Bari', 'Giuseppe', null, '$2a$10$aSb9903.sZTwtyiUsEDVfemNRWgkaIBQUgmqXEDcK/XehDzXCv4S2', 'BA', 'Ufficio di Ricezione (Rip. Corpo di Polizia Municipale e Protezione Civile)', 'M', '3673', 'g.annoscia', 19),
        (57, 'MRMTLI01A01A662J', 'Maremonti', '1901-01-01', null, '2023-06-19 11:37:29.000000', 'i.maremonti@comune.bari.it', true, false, null, '2023-06-21 10:55:22.000000', 'Bari', 'Italo', null, '$2a$10$868n.HkYhMAKTH.q3YTRx.zPj.H4PPSav6W/IQJHny0kTNM5lNbXO', 'BA', 'Ufficio di Ricezione (Rip. Corpo di Polizia Municipale e Protezione Civile)', 'M', '3673', 'i.maremonti', 19),
        (41, 'DMDDVD23D20B180S', 'Diomede', '2023-04-20', null, '2023-04-20 08:42:22.000000', 'd.diomede@comune.bari.it', true, false, null, '2023-06-22 10:27:24.000000', 'brindisi', 'Davide', null, '$2a$10$.cp2kfuf4yQqQo.6KnsGAOXx0ZGN2zkUQxGnHpqmySsRSS0.Hgyw.', 'BR', 'Ufficio di Ricezione (Municipio 5)', 'M', '3672', 'd.diomede5', 4),
        (56, 'PSCPTR01A01A662X', 'Piscopo', '1901-01-01', null, '2023-06-19 11:36:39.000000', 'pietro.piscopo@comune.bari.it', true, false, null, '2023-06-21 11:52:40.000000', 'Bari', 'Pietro', null, '$2a$10$p9NUM/CxQhUD02ln7PQzKOY4c6Eeh69NWqY46SztwVCPLUb0c184y', 'BA', 'Ufficio di Ricezione (Rip. Corpo di Polizia Municipale e Protezione Civile)', 'M', '3673', 'pietro.piscopo', 19),
        (54, 'CRLFNC01A01A662E', 'Carella', '1901-01-01', null, '2023-06-19 11:31:35.000000', 'f.carella@comune.bari.it', true, false, null, '2023-06-23 10:36:57.000000', 'Bari', 'Francesco', null, '$2a$10$GUzUwOXQ3KRmCcOhjrvHKu06DuNA4D0nsZv5ord2ffDO7CZhYJeiS', 'BA', 'Ufficio di Ricezione (Rip. Corpo di Polizia Municipale e Protezione Civile)', 'M', '3673', 'f.carella', 19),
        (52, 'PTRNCL01A01A662K', 'Petrelli', '1901-01-01', null, '2023-06-19 10:36:48.000000', 'n.petrelli@comune.bari.it', true, false, null, '2023-06-23 18:14:01.000000', 'Bari', 'Nicola', null, '$2a$10$OVEUebjf38Sl7PnPysH8m.Yw/snUAJnzoObHaXA1RrI94iVMkJELq', 'BA', 'Ufficio di Ricezione (Rip. Corpo di Polizia Municipale e Protezione Civile)', 'M', '3673', 'n.petrelli', 19),
        (53, 'DMTNTN01A41A662C', 'D''amato', '1901-01-01', null, '2023-06-19 10:37:33.000000', 'a.damato@comune.bari.it', true, false, null, '2023-06-26 17:43:03.000000', 'Bari', 'Antonia', null, '$2a$10$EhuE5pC7lRH5F.tjeKfleecu9C8jcfMJoRbmaxE6SQpNuscREnr5G', 'BA', 'Ufficio di Ricezione (Rip. Corpo di Polizia Municipale e Protezione Civile)', 'F', '3673', 'a.damato', 19),
        (51, 'RPPRSR01A41A662B', 'Roppo', '1901-01-01', null, '2023-06-19 10:35:52.000000', 'r.roppo@comune.bari.it', true, false, null, '2023-07-03 10:03:00.000000', 'Bari', 'Rosaria', null, '$2a$10$5m/Z3q.pEn3U2KfElreg3eO/zkSx.f1UVsdQUvCA/rnb2XG.E0rKK', 'BA', 'Ufficio di Ricezione (Rip. Corpo di Polizia Municipale e Protezione Civile)', 'F', '3673', 'r.roppo', 19),
        (63, 'VLLNNA73D48H264F', 'Valla', '1973-04-08', null, '2023-06-20 11:28:54.000000', 'a.valla@comune.bari.it', false, false, null, null, 'Rho', 'Anna', null, '$2a$10$QT3Y67.JPzcEv8xAeDHKw.YemWUpJnhhetlYmhssX151JnMKD9G3a', 'MI', 'Ufficio di Ricezione (Municipio 1)', 'F', '3668', 'a.valla', 3),
        (64, 'RVLMRT64A01A662O', 'Ravallese', '1964-01-01', null, '2023-06-20 11:35:18.000000', 'u.ravallese@comune.bari.it', false, false, null, null, 'Bari', 'Umberto', null, '$2a$10$H3KwbZ.iIdx8.S4sZDbQZOyPZjHOnB9IwBNsaHjAWf1wqBGgyekTi', 'BA', 'Ufficio di Ricezione (Municipio 2)', 'M', '3669', 'u.ravallese', 3),
        (65, 'CTNFNC65S07A662Q', 'Catanese', '1965-11-07', null, '2023-06-20 11:40:06.000000', 'f.catanese@comune.bari.it', false, false, null, null, 'Bari', 'Francesco', null, '$2a$10$qp3LukXvG8iseHG7es1/Zu8Z6tOwNUsnhaUy7U9thx.wviyrNEaG2', 'BA', 'Ufficio di Ricezione (Municipio 3)', 'M', '3670', 'f.catanese', 3),
        (66, 'MRCMRA61T04D013H', 'Marchillo', '1961-12-04', null, '2023-06-20 11:43:12.000000', 'm.marchillo@comune.bari.it', false, false, null, null, 'Cormano', 'Mario', null, '$2a$10$X3.NpkK2a1G4AqoskIZysOLTALwLKCxmZNgfvxuNPoty.u4s37naC', 'MI', 'Ufficio di Ricezione (Municipio 4)', 'M', '3671', 'm.marchillo', 3),
        (67, 'FRRNCL68E11C983I', 'Ferrara', '1968-05-11', null, '2023-06-20 11:45:13.000000', 'n.ferrara@comune.bari.it', false, false, null, null, 'Corato', 'Nicola', null, '$2a$10$4EZbuxyltiviswyYVj/q4OZsvHvoHSF.SFwVsBf425I.a5Mnmnpo6', 'BA', 'Ufficio di Ricezione (Municipio 5)', 'M', '3672', 'n.ferrara', 3),
        (61, 'GLNGPP01A01A662V', 'Giuliani', '1901-01-01', null, '2023-06-19 13:41:28.000000', 'g.giuliani@comune.bari.it', false, false, null, null, 'Bari', 'Giuseppe', null, '$2a$10$UJm6HpvBo/2jp5671O3ThumdnezRKW6bJqgM9L9zIXUPsfl7IgKCa', 'BA', 'Segreteria Settore Urbanizzazioni Primarie', 'M', '3813', 'g.giuliani', 14),
        (62, 'RBRVFR01A01A662T', 'Arborea', '1901-01-01', null, '2023-06-19 13:43:28.000000', 'v.arborea@comune.bari.it', false, false, null, null, 'Bari', 'Vito Francesco', null, '$2a$10$DbxiUf23xEuYKgTrzvh.9ODIBhSqtcBbeSBmrjBUl9bqsi0jr0jai', 'BA', 'Segreteria Settore Urbanizzazioni Primarie', 'M', '3813', 'v.arborea', 14),
        (58, 'MLNRCR01A01A662N', 'Milano', '1901-01-01', null, '2023-06-19 11:40:05.000000', 'r.milano@comune.bari.it', true, false, null, '2023-07-21 10:39:10.000000', 'Bari', 'Riccardo', null, '$2a$10$4E5B9aolmHSACOhA3pT6t.89Wd8LbVHqf/xaAxtixO82qwQ2MWE5O', 'BA', 'Ufficio di Ricezione (Rip. Urbanistica ed Edilizia Privata)', 'M', '3901', 'r.milano', 7),
        (48, 'PLLFNC01A01A662W', 'Pellicoro', '1901-01-01', null, '2023-06-19 10:32:08.000000', 'f.pellicoro@comune.bari.it', true, false, null, '2023-06-19 14:33:05.000000', 'Bari', 'Francesco', '1111111111', '$2a$10$1FIbXBJsJYgGF5HoL13cZ.NzLSLOOglVHLOeLMHqFdz8GNTTqux0u', 'BA', 'Ufficio di Ricezione (Rip. Corpo di Polizia Municipale e Protezione Civile)', 'M', '3673', 'f.pellicoro', 19),
        (50, 'DNSVNT01A01A662R', 'Danese', '1901-01-01', null, '2023-06-19 10:34:34.000000', 'v.danese@comune.bari.it', true, false, null, '2023-06-19 14:45:58.000000', 'Bari', 'Vito Antonio', null, '$2a$10$e2XgTAYKeTU/KhUtZsmMDue/Vda8ejc5RmilPfA8wEM33lP/ZXUSy', 'BA', 'Ufficio di Ricezione (Rip. Corpo di Polizia Municipale e Protezione Civile)', 'M', '3673', 'v.danese', 19),
        (72, 'LSSLLN00T71A662G', 'Lissona', '1900-12-31', null, '2023-06-21 12:20:10.000000', 'l.lissona@comune.bari.it', true, false, null, null, 'Bari', 'Liliana', null, '$2a$10$P9Idfgl1rLw5l8XQT2ViW..11XD56ZuBZGPc0DA52FNyQhFn/.MWG', 'BA', 'Ufficio di Ricezione (Municipio 1)', 'F', '3668', 'l.lissona', 4),
        (71, 'GTAFRC00T71A662U', 'Gaita', '1900-12-31', null, '2023-06-21 12:19:16.000000', 'f.gaita@comune.bari.it', true, false, null, null, 'Bari', 'Federica', '0805772919', '$2a$10$mmLn0ZLtvsiEkKt1.74nc.EZ3I87h7uiZqTG2XWlXXmxnAOLFu3Yy', 'BA', 'Ufficio di Ricezione (Municipio 1)', 'F', '3668', 'f.gaita', 4),
        (74, 'MNCNNG01A01A662A', 'Mancini', '1901-01-01', null, '2023-06-21 12:25:03.000000', 'a.mancini@comune.bari.it', true, false, null, null, 'Bari', 'Antonio Giovanni', null, '$2a$10$mepg6pd6e1QSladVniJrueskVoWKMuu1Db9F6GG9q9n6u/.FuFO66', 'BA', 'Ufficio di Ricezione (Municipio 1)', 'M', '3668', 'a.mancini', 4),
        (73, 'PSNDRH00T71A662D', 'Pisani', '1900-12-31', null, '2023-06-21 12:22:05.000000', 'd.pisani@comune.bari.it', true, false, null, null, 'Bari', 'Deborah', null, '$2a$10$joirvoSqY/Z3Yd5Nh0vXG.GTowc5KSmfegQH5l0cqAxqn4ykaQjQe', 'BA', 'Ufficio di Ricezione (Municipio 1)', 'F', '3668', 'd.pisani', 4),
        (77, 'TRLVCN01A01A662Z', 'Tarullo', '1901-01-01', null, '2023-06-21 12:31:08.000000', 'v.tarullo@comune.bari.it', true, false, null, '2023-06-23 09:42:26.000000', 'Bari', 'Vincenzo', null, '$2a$10$NVKhrjzQ3Lsciam.lNZ.FOdz.JxicnM.0KYBb1Twtu8Y6hp4T26iK', 'BA', 'Ufficio di Ricezione (Municipio 2)', 'M', '3669', 'v.tarullo', 4),
        (60, 'MNCNGL01A41A662E', 'Mancini', '1901-01-01', null, '2023-06-19 12:53:33.000000', 'angela.mancini@comune.bari.it', true, false, null, '2023-06-21 10:07:06.000000', 'Bari', 'Angela', null, '$2a$10$HXDeP.vX.Tol/U9F075gpuexWQLlQ4jiBF6ew0tBBg/iZ5ACTygFu', 'BA', 'Segreteria Settore Urbanizzazioni Primarie', 'F', '3813', 'angela.mancini', 14),
        (75, 'NGLNTN01A01A662V', 'Angeletti', '1901-01-01', null, '2023-06-21 12:27:36.000000', 'a.angeletti@comune.bari.it', true, false, null, '2023-06-22 18:03:35.000000', 'Bari', 'Antonio', null, '$2a$10$GUKO5CIgKhpEmUJuCEHVeeAI9si4Z4qr5rdiT24wWE8azC5twFG9O', 'BA', 'Ufficio di Ricezione (Municipio 1)', 'M', '3668', 'a.angeletti', 4),
        (68, 'PGLFNC01A00A662A', 'Pagliuca', '1901-01-01', null, '2023-06-21 08:43:36.000000', 'f.pagliuca@comune.bari.it', true, false, null, '2023-08-01 17:34:40.000000', 'Bari', 'Francesca', null, '$2a$10$UXb4ko/1IW/pVCcnuVqmVOHSOherULI95oLNNi8VkN0JCSAVxcl4C', 'BA', 'Ufficio di Ricezione (Municipio 2)', 'F', '3669', 'f.pagliuca', 4),
        (69, 'MSCLDN91A57A893W', 'Msciale', '1991-01-17', null, '2023-06-21 09:54:10.000000', 'l.masciale@comune.bari.it', true, false, null, '2023-06-21 11:47:20.000000', 'Bitonto', 'Loredana', null, '$2a$10$AgPAGQUrTqxTLKw9hmPfu.F7fzn39S9Yw6rMsulgF5m.FPKqyeoLm', 'BA', 'Ufficio di Ricezione (Municipio 3)', 'F', '3670', 'l.masciale', 4),
        (70, 'FSCNGL80A01A662R', 'Fischetti', '1980-01-01', null, '2023-06-21 12:17:49.000000', 'angelo.fischetti@comune.bari.it', true, false, null, null, 'Bari', 'Angelo', null, '$2a$10$8DHkFUNARE416retIn0gHuuvxY3ZrWPwl2R.j21.OyQQYuuxuWpU.', 'BA', 'Ufficio di Ricezione (Municipio 1)', 'M', '3668', 'angelo.fischetti', 4),
        (78, 'RCCLGU01A01A662M', 'Recchia', '1901-01-01', null, '2023-06-21 12:34:27.000000', 'l.recchia@comune.bari.it', true, false, null, '2023-06-23 10:42:17.000000', 'Bari', 'Luigi', null, '$2a$10$RCSn3qaUhkXzJp6Y2msalut/U0P3oTJx.Zbk15gXUQnmobX6sowVy', 'BA', 'Ufficio di Ricezione (Municipio 3)', 'M', '3670', 'l.recchia', 4),
        (76, 'MSCVCN01A01A662F', 'Masciopinto', '1901-01-01', null, '2023-06-21 12:30:24.000000', 'v.masciopinto@comune.bari.it', true, false, null, null, 'Bari', 'Vincenzo', null, '$2a$10$g1G28zWrBZK85VPOh8TGVOyBvHvU8BJSqiC/62.j7rSyY29Z6p9Zm', 'BA', 'Ufficio di Ricezione (Municipio 2)', 'M', '3669', 'v.masciopinto', 4),
        (79, 'BRNRNT01A01A662S', 'Brunetti', '1901-01-01', null, '2023-06-21 12:35:29.000000', 'r.brunetti@comune.bari.it', true, false, null, null, 'Bari', 'Renato', null, '$2a$10$nj06xpDXFjl9YIqfglel7.b.zlyiteRt2fdFWhmTnHieT4C33.KTC', 'BA', 'Ufficio di Ricezione (Municipio 3)', 'M', '3670', 'r.brunetti', 4),
        (80, 'DMDSNT01A01A662I', 'Diomede', '1901-01-01', null, '2023-06-21 12:36:39.000000', 'sante.diomede@comune.bari.it', true, false, null, null, 'Bari', 'Sante', null, '$2a$10$X5o9gRySmXrkblYw5tdUZOGFwbIMXFmazELxX7gmGZvp6F1Z3FdpC', 'BA', 'Ufficio di Ricezione (Municipio 3)', 'M', '3670', 'sante.diomede', 4),
        (84, 'PLNLRI01A41A662Q', 'Pulini', '1901-01-01', null, '2023-06-21 12:48:16.000000', 'i.pulini@comune.bari.it', true, false, null, null, 'Bari', 'Ilaria', null, '$2a$10$QzQC/QayQJUeTeWSkYlWmer7Uc0wyDLQNhyPSzR/m1Zzhe4dZLjSm', 'BA', 'Ufficio di Ricezione (Municipio 4)', 'F', '3671', 'i.pulini', 4),
        (83, 'BRSSMN01A41A662H', 'Briscese', '1901-01-01', null, '2023-06-21 12:47:34.000000', 's.briscese@comune.bari.it', true, false, null, null, 'Bari', 'Simona', null, '$2a$10$P1.UXE4xMxFLyGyiLAPHdehznWkn6BAKMvKo.c1tdzQJcRMNBRrmK', 'BA', 'Ufficio di Ricezione (Municipio 4)', 'F', '3671', 's.briscese', 4),
        (82, 'CNDDNL01A41A662O', 'Candela', '1901-01-01', null, '2023-06-21 12:46:47.000000', 'd.candela@comune.bari.it', true, false, null, null, 'Bari', 'Daniela', null, '$2a$10$Zn90EqXNA7iyjKLwSNmsNujScKHBLNBR/cXu1H6rYoZy/mGyH.9i.', 'BA', 'Ufficio di Ricezione (Municipio 4)', 'F', '3671', 'd.candela', 4),
        (81, 'RCCNLS01A41A662F', 'Riccardi', '1901-01-01', null, '2023-06-21 12:45:59.000000', 'a.riccardi@comune.bari.it', true, false, null, null, 'Bari', 'Annalisa', null, '$2a$10$SM8LUtBrGFiMjyDlqoAfUu4KJM1buaXWEBmGtrip5YROB5.vtu36i', 'BA', 'Ufficio di Ricezione (Municipio 4)', 'F', '3671', 'a.riccardi', 4),
        (86, 'LCRVCN01A01A662E', 'Lucarelli', '1901-01-01', null, '2023-06-21 12:50:45.000000', 'v.lucarelli@comune.bari.it', true, false, null, null, 'Bari', 'Vincenzo', null, '$2a$10$oF9gL1.LYz5E/89lrhk3QutFsGGqZPA2d6svo4cHjTnIY.I.6Vxr6', 'BA', 'Ufficio di Ricezione (Municipio 5)', 'M', '3672', 'v.lucarelli', 4),
        (88, 'LMBDMN01A41A662F', 'Lamberti', '1901-01-01', null, '2023-06-21 12:53:44.000000', 'damiana.lamberti@comune.bari.it', true, false, null, null, 'Bari', 'Damiana', null, '$2a$10$vS1ogH1apb/jtY6SbhvC5uEgY/OFcJk78qGuR1oDd9T4NYE8Dmwmq', 'BA', 'Ufficio di Ricezione (Municipio 5)', 'F', '3672', 'damiana.lamberti', 4),
        (87, 'LBNFNC01A01A662D', 'Labianca', '1901-01-01', null, '2023-06-21 12:51:37.000000', 'f.labianca@comune.bari.it', true, false, null, '2023-07-19 08:28:41.000000', 'Bari', 'Francesco', null, '$2a$10$jqSN54Q9Q4ghEqqCtW5PAecx3MARukLltxInVrWum2CwiDQwiGWEO', 'BA', 'Ufficio di Ricezione (Municipio 5)', 'M', '3672', 'f.labianca', 4),
        (92, 'TRVRMN01A41A662S', 'Traversa', '1901-01-01', null, '2023-06-23 09:00:12.000000', 'e.traversa@comune.bari.it', true, false, null, null, 'Bari', 'Erminia', null, '$2a$10$glvM30vJpxjLAkTQC7znHe6uJfL5QKlUbb9p.MV3.8lmMVJA9YOgS', 'BA', 'Segreteria Settore Giardini - Test', 'F', '3811', 'e.traversa', 15),
        (89, 'AAAAAA01A01A002A', 'M2-test', '1901-01-01', null, '2023-06-22 10:14:00.000000', 'p.agresti@comune.bari.it', true, false, null, '2023-06-27 18:39:53.000000', 'Bari', 'Istruttore', null, '$2a$10$Onb/txCA.2KefEetlHvBqOTIU1vwxHw/Kh/qERJmF4.7nL7yoaAui', 'BA', 'Ufficio di Ricezione (Municipio 2)', 'M', '3669', 'istruttorem2', 4),
        (90, 'AAAAAA03A03A003A', 'M3-test', '1901-01-01', null, '2023-06-22 10:15:35.000000', 'p.agresti@comune.bari.it', true, false, null, '2023-06-27 18:40:00.000000', 'Bari', 'Istruttore', null, '$2a$10$FN2hOwxx5LQ9xNPf94OYoehHx.6QJxAgn4GUG040RdQic.JiS9xQS', 'BA', 'Ufficio di Ricezione (Municipio 3)', 'M', '3670', 'istruttorem3', 4),
        (91, 'AAAAAA05A05A005A', 'M5-test', '1901-01-01', null, '2023-06-22 10:16:48.000000', 'p.agresti@comune.bari.it', true, false, null, '2023-06-27 18:47:10.000000', 'Bari', 'Istruttore', null, '$2a$10$wD/8iIdxsn/9Q2jV5eL/6e.sMWl6d0xNGSClcUPyF8LC3wobWWqBq', 'BA', 'Ufficio di Ricezione (Municipio 5)', 'M', '3672', 'istruttorem5', 4),
        (59, 'SCNGMT72P61A662B', 'Scintilla', '1972-09-21', null, '2023-06-19 11:42:47.000000', 'g.scintilla@comune.bari.it', true, false, null, '2023-07-03 09:35:56.000000', 'Bari', 'Giacoma Tiziana', null, '$2a$10$61f4cLr6yv0Up09tBpIVeugKkfzJSKneO50v2genL71Y6Uo2PxwGO', 'BA', 'Segreteria Settore Giardini - Test', 'F', '3811', 'g.scintilla', 15),
        (2, 'EGVEGV00A01H501R', 'Egov', null, null, '2023-01-26 13:47:20.492532', 'osp.comune.ba@gmail.com', true, false, null, '2023-08-07 12:00:29.000000', null, 'Egov', null, '$2a$10$n/Gtpqg3c/PZFt/p/gnPAuWHYUmCZVEIaFbigtqeYTyYmeNXvpzka', null, null, null, null, 'egov', 20);





insert into public.t_municipio (id, descrizione)
values  (1, 'Municipio 1'),
        (2, 'Municipio 2'),
        (3, 'Municipio 3'),
        (4, 'Municipio 4'),
        (5, 'Municipio 5');

insert into public.a_utente_municipio (id_utente, id_municipio)
values  (11, 4),
        (13, 2),
        (24, 2),
        (24, 3),
        (24, 4),
        (24, 1),
        (24, 5),
        (27, 2),
        (27, 3),
        (27, 4),
        (27, 1),
        (27, 5),
        (38, 1),
        (40, 4),
        (41, 5),
        (39, 3),
        (63, 1),
        (64, 2),
        (65, 3),
        (66, 4),
        (43, 5),
        (20, 1),
        (67, 5),
        (61, 2),
        (61, 3),
        (61, 4),
        (61, 1),
        (61, 5),
        (62, 2),
        (62, 3),
        (62, 4),
        (62, 1),
        (62, 5),
        (68, 2),
        (69, 3),
        (60, 2),
        (60, 3),
        (60, 4),
        (60, 1),
        (60, 5),
        (70, 1),
        (71, 1),
        (72, 1),
        (73, 1),
        (74, 1),
        (75, 1),
        (76, 2),
        (77, 2),
        (78, 3),
        (79, 3),
        (80, 3),
        (81, 4),
        (82, 4),
        (83, 4),
        (84, 4),
        (86, 5),
        (88, 5),
        (19, 1),
        (89, 2),
        (90, 3),
        (91, 5),
        (10, 4),
        (87, 5);

insert into public.a_tipo_allegato_grup_stat_proc (id, flg_obbligatorio, flg_testo_libero, id_gruppo, id_stato_pratica, id_tipo_allegato, id_tipo_processo)
values  (1, true, false, 2, 0, 1, 1),
        (2, true, false, 2, 0, 2, 1),
        (3, true, false, 2, 0, 3, 1),
        (4, true, false, 2, 0, 4, 1),
        (5, true, false, 2, 0, 5, 1),
        (6, true, false, 2, 0, 6, 1),
        (7, false, false, 2, 0, 7, 1),
        (8, true, false, 2, 0, 8, 1),
        (9, false, false, 2, 0, 9, 1),
        (10, false, false, 2, 0, 10, 1),
        (11, false, false, 2, 0, 11, 1),
        (12, false, true, 2, 0, 12, 1),
        (13, true, false, 4, 0, 1, 1),
        (14, true, false, 4, 0, 2, 1),
        (15, true, false, 4, 0, 3, 1),
        (16, true, false, 4, 0, 4, 1),
        (17, true, false, 4, 0, 5, 1),
        (18, true, false, 4, 0, 6, 1),
        (19, false, false, 4, 0, 7, 1),
        (20, true, false, 4, 0, 8, 1),
        (21, false, false, 4, 0, 9, 1),
        (22, false, false, 4, 0, 10, 1),
        (23, false, false, 4, 0, 11, 1),
        (24, false, true, 4, 0, 12, 1),
        (25, true, false, 5, 3, 13, 1),
        (26, false, false, 5, 3, 15, 1),
        (27, true, false, 7, 3, 14, 1),
        (28, false, false, 7, 3, 15, 1),
        (29, true, false, 18, 3, 14, 1),
        (30, false, false, 18, 3, 15, 1),
        (31, true, false, 15, 3, 14, 1),
        (32, false, false, 15, 3, 15, 1),
        (33, true, false, 16, 3, 14, 1),
        (34, false, false, 16, 3, 15, 1),
        (35, true, false, 14, 3, 14, 1),
        (36, false, false, 14, 3, 15, 1),
        (37, true, false, 17, 3, 14, 1),
        (38, false, false, 17, 3, 15, 1),
        (39, true, false, 4, 6, 16, 1),
        (40, true, false, 2, 8, 17, 1),
        (41, true, false, 4, 8, 17, 1),
        (42, true, false, 2, 8, 18, 1),
        (43, true, false, 4, 8, 18, 1),
        (44, true, false, 4, 5, 19, 1),
        (45, false, false, 2, 4, 1, 1),
        (46, false, false, 2, 4, 2, 1),
        (47, false, false, 2, 4, 3, 1),
        (48, false, false, 2, 4, 4, 1),
        (49, false, false, 2, 4, 5, 1),
        (50, false, false, 2, 4, 6, 1),
        (51, false, false, 2, 4, 7, 1),
        (52, false, false, 2, 4, 8, 1),
        (53, false, false, 2, 4, 9, 1),
        (54, false, false, 2, 4, 10, 1),
        (55, false, false, 2, 4, 11, 1),
        (56, false, true, 2, 4, 12, 1),
        (57, false, false, 4, 4, 1, 1),
        (58, false, false, 4, 4, 2, 1),
        (59, false, false, 4, 4, 3, 1),
        (60, false, false, 4, 4, 4, 1),
        (61, false, false, 4, 4, 5, 1),
        (62, false, false, 4, 4, 6, 1),
        (63, false, false, 4, 4, 7, 1),
        (64, false, false, 4, 4, 8, 1),
        (65, false, false, 4, 4, 9, 1),
        (66, false, false, 4, 4, 10, 1),
        (67, false, false, 4, 4, 11, 1),
        (68, false, true, 4, 4, 12, 1),
        (69, false, false, 2, 7, 1, 1),
        (70, false, false, 2, 7, 2, 1),
        (71, false, false, 2, 7, 3, 1),
        (72, false, false, 2, 7, 4, 1),
        (73, false, false, 2, 7, 5, 1),
        (74, false, false, 2, 7, 6, 1),
        (75, false, false, 2, 7, 7, 1),
        (76, false, false, 2, 7, 8, 1),
        (77, false, false, 2, 7, 9, 1),
        (78, false, false, 2, 7, 10, 1),
        (79, false, false, 2, 7, 11, 1),
        (80, false, true, 2, 7, 12, 1),
        (81, false, false, 4, 7, 1, 1),
        (82, false, false, 4, 7, 2, 1),
        (83, false, false, 4, 7, 3, 1),
        (84, false, false, 4, 7, 4, 1),
        (85, false, false, 4, 7, 5, 1),
        (86, false, false, 4, 7, 6, 1),
        (87, false, false, 4, 7, 7, 1),
        (88, false, false, 4, 7, 8, 1),
        (89, false, false, 4, 7, 9, 1),
        (90, false, false, 4, 7, 10, 1),
        (91, false, false, 4, 7, 11, 1),
        (92, false, true, 4, 7, 12, 1),
        (93, false, false, 2, 8, 20, 1),
        (94, false, false, 4, 8, 20, 1),
        (95, false, false, 2, 8, 21, 1),
        (96, false, false, 4, 8, 21, 1),
        (97, true, false, 20, 0, 1, 1),
        (98, true, false, 20, 0, 2, 1),
        (99, true, false, 20, 0, 3, 1),
        (100, true, false, 20, 0, 4, 1),
        (101, true, false, 20, 0, 5, 1),
        (102, true, false, 20, 0, 6, 1),
        (103, false, false, 20, 0, 7, 1),
        (104, true, false, 20, 0, 8, 1),
        (105, false, false, 20, 0, 9, 1),
        (106, false, false, 20, 0, 10, 1),
        (107, false, false, 20, 0, 11, 1),
        (108, false, true, 20, 0, 12, 1),
        (109, true, false, 2, 0, 22, 2),
        (110, true, false, 2, 0, 5, 2),
        (111, true, false, 2, 0, 6, 2),
        (112, true, false, 2, 0, 23, 2),
        (113, false, false, 2, 0, 10, 2),
        (114, false, false, 2, 0, 24, 2),
        (115, false, true, 2, 0, 12, 2),
        (116, true, false, 4, 0, 22, 2),
        (117, true, false, 4, 0, 5, 2),
        (118, true, false, 4, 0, 6, 2),
        (119, true, false, 4, 0, 23, 2),
        (120, false, false, 4, 0, 10, 2),
        (121, false, false, 4, 0, 24, 2),
        (122, false, true, 4, 0, 12, 2),
        (123, true, false, 20, 0, 22, 2),
        (124, true, false, 20, 0, 5, 2),
        (125, true, false, 20, 0, 6, 2),
        (126, true, false, 20, 0, 23, 2),
        (127, false, false, 20, 0, 10, 2),
        (128, false, false, 20, 0, 24, 2),
        (129, false, true, 20, 0, 12, 2),
        (130, true, false, 5, 3, 13, 2),
        (131, false, false, 5, 3, 15, 2),
        (132, true, false, 7, 3, 14, 2),
        (133, false, false, 7, 3, 15, 2),
        (134, true, false, 18, 3, 14, 2),
        (135, false, false, 18, 3, 15, 2),
        (136, true, false, 15, 3, 14, 2),
        (137, false, false, 15, 3, 15, 2),
        (138, true, false, 16, 3, 14, 2),
        (139, false, false, 16, 3, 15, 2),
        (140, true, false, 14, 3, 14, 2),
        (141, false, false, 14, 3, 15, 2),
        (142, true, false, 17, 3, 14, 2),
        (143, false, false, 17, 3, 15, 2),
        (144, true, false, 4, 6, 32, 2),
        (145, true, false, 2, 8, 17, 2),
        (146, true, false, 4, 8, 17, 2),
        (147, true, false, 2, 8, 18, 2),
        (148, true, false, 4, 8, 18, 2),
        (149, true, false, 4, 5, 19, 2),
        (150, false, false, 2, 4, 1, 2),
        (151, false, false, 2, 4, 2, 2),
        (152, false, false, 2, 4, 3, 2),
        (153, false, false, 2, 4, 4, 2),
        (154, false, false, 2, 4, 5, 2),
        (155, false, false, 2, 4, 6, 2),
        (156, false, false, 2, 4, 7, 2),
        (157, false, false, 2, 4, 8, 2),
        (158, false, false, 2, 4, 9, 2),
        (159, false, false, 2, 4, 10, 2),
        (160, false, false, 2, 4, 11, 2),
        (161, false, true, 2, 4, 12, 2),
        (174, false, false, 2, 7, 1, 2),
        (175, false, false, 2, 7, 2, 2),
        (176, false, false, 2, 7, 3, 2),
        (177, false, false, 2, 7, 4, 2),
        (178, false, false, 2, 7, 5, 2),
        (179, false, false, 2, 7, 6, 2),
        (180, false, false, 2, 7, 7, 2),
        (181, false, false, 2, 7, 8, 2),
        (182, false, false, 2, 7, 9, 2),
        (183, false, false, 2, 7, 10, 2),
        (184, false, false, 2, 7, 11, 2),
        (185, false, true, 2, 7, 12, 2),
        (198, false, false, 2, 8, 20, 2),
        (199, false, false, 4, 8, 20, 2),
        (200, false, false, 2, 8, 21, 2),
        (201, false, false, 4, 8, 21, 2),
        (202, true, false, 2, 0, 5, 3),
        (203, false, false, 2, 0, 25, 3),
        (204, false, false, 2, 0, 26, 3),
        (205, false, false, 2, 0, 8, 3),
        (206, false, false, 2, 0, 10, 3),
        (207, false, true, 2, 0, 12, 3),
        (208, true, false, 4, 0, 5, 3),
        (209, false, false, 4, 0, 25, 3),
        (210, false, false, 4, 0, 26, 3),
        (211, false, false, 4, 0, 8, 3),
        (212, false, false, 4, 0, 10, 3),
        (213, false, true, 4, 0, 12, 3),
        (214, true, false, 20, 0, 5, 3),
        (215, false, false, 20, 0, 25, 3),
        (216, false, false, 20, 0, 26, 3),
        (217, false, false, 20, 0, 8, 3),
        (218, false, false, 20, 0, 10, 3),
        (219, false, true, 20, 0, 12, 3),
        (221, false, false, 2, 4, 25, 3),
        (222, false, false, 2, 4, 26, 3),
        (223, false, false, 2, 4, 8, 3),
        (224, false, false, 2, 4, 10, 3),
        (225, false, true, 2, 4, 12, 3),
        (227, false, false, 4, 4, 25, 3),
        (228, false, false, 4, 4, 26, 3),
        (229, false, false, 4, 4, 8, 3),
        (230, false, false, 4, 4, 10, 3),
        (231, false, true, 4, 4, 12, 3),
        (232, true, false, 4, 6, 27, 3),
        (233, true, false, 5, 26, 13, 3),
        (234, true, false, 4, 8, 28, 4),
        (235, true, false, 4, 9, 28, 4),
        (236, true, false, 4, 10, 28, 4),
        (237, true, false, 3, 10, 29, 5),
        (238, true, false, 4, 10, 29, 5),
        (239, true, false, 3, 10, 30, 6),
        (240, true, false, 4, 10, 30, 6),
        (241, true, false, 3, 10, 31, 7),
        (242, true, false, 4, 10, 31, 7),
        (243, true, false, 5, 21, 13, 1),
        (244, true, false, 5, 22, 13, 1),
        (245, true, false, 5, 23, 13, 1),
        (246, true, false, 5, 21, 13, 2),
        (247, true, false, 5, 22, 13, 2),
        (248, true, false, 5, 23, 13, 2),
        (249, false, false, 2, 4, 33, 1),
        (250, false, false, 2, 4, 33, 2),
        (251, false, false, 2, 4, 33, 3),
        (252, false, false, 2, 4, 33, 4),
        (253, false, false, 2, 4, 33, 5),
        (254, false, false, 2, 4, 33, 6),
        (255, false, false, 2, 4, 33, 7),
        (256, false, false, 4, 4, 33, 1),
        (258, false, false, 4, 4, 33, 3),
        (259, false, false, 4, 4, 33, 4),
        (260, false, false, 4, 4, 33, 5),
        (261, false, false, 4, 4, 33, 6),
        (262, false, false, 4, 4, 33, 7),
        (263, false, false, 4, 2, 34, 1),
        (264, false, false, 4, 2, 34, 2),
        (265, false, false, 4, 2, 34, 3),
        (266, false, false, 4, 2, 34, 4),
        (267, false, false, 4, 2, 34, 5),
        (268, false, false, 4, 2, 34, 6),
        (269, false, false, 4, 2, 34, 7),
        (270, false, false, 4, 3, 34, 1),
        (271, false, false, 4, 3, 34, 2),
        (272, false, false, 4, 3, 34, 3),
        (273, false, false, 4, 3, 34, 4),
        (274, false, false, 4, 3, 34, 5),
        (275, false, false, 4, 3, 34, 6),
        (276, false, false, 4, 3, 34, 7),
        (220, false, false, 2, 4, 5, 3),
        (226, false, false, 4, 4, 5, 3),
        (277, false, false, 4, 4, 22, 2),
        (278, false, false, 4, 4, 5, 2),
        (279, false, false, 4, 4, 6, 2),
        (280, false, false, 4, 4, 23, 2),
        (281, false, false, 4, 4, 10, 2),
        (282, false, false, 4, 4, 24, 2),
        (283, false, false, 4, 4, 12, 2),
        (284, false, false, 4, 7, 22, 2),
        (285, false, false, 4, 7, 5, 2),
        (286, false, false, 4, 7, 6, 2),
        (287, false, false, 4, 7, 23, 2),
        (288, false, false, 4, 7, 10, 2),
        (289, false, false, 4, 7, 24, 2),
        (290, false, false, 4, 7, 12, 2),
        (291, true, false, 5, 25, 13, 1),
        (292, true, false, 5, 25, 13, 2),
        (293, false, false, 4, 0, 33, 1),
        (294, false, false, 4, 0, 33, 2),
        (295, false, false, 4, 0, 33, 3),
        (297, false, false, 4, 4, 33, 2),
        (299, false, false, 4, 7, 33, 1),
        (300, false, false, 4, 7, 33, 2),
        (301, false, false, 4, 7, 33, 3);

insert into public.t_automi_protocollo (id, uo_id, id_municipio, denominazione, label, data_inserimento, data_modifica)
values  (5, '3672', 5, 'Ufficio di Ricezione (Municipio 5)', 'Ufficio di Ricezione (Municipio 5)', '2023-01-26 13:47:20.492532', '2023-06-15 11:44:39.826070'),
        (6, '3673', null, 'Ufficio di Ricezione (Rip. Corpo di Polizia Municipale e Protezione Civile)', 'Ufficio di Ricezione (Rip. Corpo di Polizia Municipale e Protezione Civile)', '2023-01-26 13:47:20.492532', '2023-06-15 11:44:39.828240'),
        (4, '3671', 4, 'Ufficio di Ricezione (Municipio 4)', 'Ufficio di Ricezione (Municipio 4)', '2023-01-26 13:47:20.492532', '2023-06-15 11:44:39.825925'),
        (3, '3670', 3, 'Ufficio di Ricezione (Municipio 3)', 'Ufficio di Ricezione (Municipio 3)', '2023-01-26 13:47:20.492532', '2023-06-15 11:44:39.826493'),
        (2, '3669', 2, 'Ufficio di Ricezione (Municipio 2)', 'Ufficio di Ricezione (Municipio 2)', '2023-01-26 13:47:20.492532', '2023-06-15 11:44:39.826313'),
        (7, '3674', null, 'Ufficio di Ricezione (Rip. Ragioneria Generale)', 'Ufficio di Ricezione (Rip. Ragioneria Generale)', '2023-01-26 13:47:20.492532', '2023-06-15 11:44:39.898331'),
        (8, '3901', null, 'Ufficio di Ricezione (Rip. Urbanistica ed Edilizia Privata)', 'Ufficio di Ricezione (Rip. Urbanistica ed Edilizia Privata)', '2023-01-26 13:47:20.492532', '2023-06-15 11:44:39.903285'),
        (10, '3810', null, 'POS Infrastrutture a Rete', 'POS Infrastrutture a Rete', '2023-01-26 13:47:20.492532', '2023-06-15 11:44:39.927566'),
        (9, '3809', null, 'Ufficio di Ricezione (Rip. Patrimonio)', 'Ufficio di Ricezione (Rip. Patrimonio)', '2023-01-26 13:47:20.492532', '2023-06-15 11:44:39.927536'),
        (11, '3811', null, 'Segreteria Settore Giardini - Test', 'Segreteria Settore Giardini', '2023-01-26 13:47:20.492532', '2023-06-15 11:44:39.928376'),
        (12, '3812', null, 'Segreteria Settore Interventi sul territorio', 'Segreteria Settore Interventi sul territorio', '2023-01-26 13:47:20.492532', '2023-06-15 11:44:39.934899'),
        (13, '3813', null, 'Segreteria Settore Urbanizzazioni Primarie', 'Segreteria Settore Urbanizzazioni Primarie', '2023-01-26 13:47:20.492532', '2023-06-15 11:44:39.965517'),
        (14, '3902', null, 'Ufficio di Ricezione (Rip. Tributi)', 'Ufficio di Ricezione (Rip. Tributi)', '2023-01-26 13:47:20.492532', '2023-06-15 11:44:39.975913'),
        (1, '3668', 1, 'Ufficio di Ricezione (Municipio 1)', 'Ufficio di Ricezione (Municipio 1)', '2023-01-26 13:47:20.492532', '2023-06-22 10:14:06.846476');


insert into public.t_template (id, data_inserimento, data_modifica, file_template, mime_type, nome_file, id_tipo_template, id_utente_modifica)
values  (2, '2023-05-05 08:43:18.708457', null, '0xCA', 'application/vnd.openxmlformats-officedocument.wordprocessingml.document', 'TemplateDeterminaProroga.docx', 2, null),
        (4, '2023-05-05 08:43:18.729195', null, '0xCA', 'application/vnd.openxmlformats-officedocument.wordprocessingml.document', 'TemplateDeterminaRinuncia.docx', 4, null),
        (5, '2023-05-05 08:43:18.737877', null, '0xCA', 'application/vnd.openxmlformats-officedocument.wordprocessingml.document', 'TemplateDeterminaRettifica.docx', 5, null),
        (6, '2023-05-05 08:43:18.750902', null, '0xCA', 'application/vnd.openxmlformats-officedocument.wordprocessingml.document', 'TemplateDeterminaRevoca.docx', 6, null),
        (7, '2023-05-05 08:43:18.763482', null, '0xCA', 'application/vnd.openxmlformats-officedocument.wordprocessingml.document', 'TemplateDeterminaDecadenza.docx', 7, null),
        (8, '2023-05-05 08:43:18.772353', null, '0xCA', 'application/vnd.openxmlformats-officedocument.wordprocessingml.document', 'TemplateDeterminaAnnullamento.docx', 8, null),
        (9, '2023-05-05 08:43:18.781539', null, '0xCA', 'application/vnd.openxmlformats-officedocument.wordprocessingml.document', 'TemplateDeterminaSospensione.docx', 9, null),
        (10, '2023-05-05 08:43:18.789921', null,'0xCA', 'application/vnd.openxmlformats-officedocument.wordprocessingml.document', 'TemplateOrdinanza.docx', 10, null),
        (11, '2023-05-05 08:43:18.799831', null,'0xCA', 'application/vnd.openxmlformats-officedocument.wordprocessingml.document', 'TemplateRelazioneServizio.docx', 11, null),
        (12, '2023-05-05 08:43:18.808947', null,'0xCA', 'application/vnd.openxmlformats-officedocument.wordprocessingml.document', 'TemplateIstruttoriaIVOOPP-UrbanizzazioniPrimarie.docx', 12, null),
        (13, '2023-05-05 08:43:18.817673', null,'0xCA', 'application/vnd.openxmlformats-officedocument.wordprocessingml.document', 'TemplateIstruttoriaIVOOPP-Giardini.docx', 13, null),
        (14, '2023-05-05 08:43:18.826864', null,'0xCA', 'application/vnd.openxmlformats-officedocument.wordprocessingml.document', 'TemplateIstruttoriaIVOOPP-InterventiTerritorio.docx', 14, null),
        (15, '2023-05-05 08:43:18.835439', null,'0xCA', 'application/vnd.openxmlformats-officedocument.wordprocessingml.document', 'TemplateIstruttoriaIVOOPP-InfrastruttureRete.docx', 15, null),
        (16, '2023-05-05 08:43:18.844449', null,'0xCA', 'application/vnd.openxmlformats-officedocument.wordprocessingml.document', 'TemplateIstruttoriaUrbanistica.docx', 16, null),
        (17, '2023-05-05 08:43:18.854883', null,'0xCA', 'application/vnd.openxmlformats-officedocument.wordprocessingml.document', 'TemplateIstruttoriaPatrimonio.docx', 17, null),
        (18, '2023-05-05 08:43:18.865599', null,'0xCA', 'application/vnd.openxmlformats-officedocument.wordprocessingml.document', 'TemplateDeterminaProrogaEsenteBollo.docx', 18, null),
        (19, '2023-05-05 08:43:18.875976', null,'0xCA', 'application/vnd.openxmlformats-officedocument.wordprocessingml.document', 'TemplateDeterminaProrogaEsenteBolloCUP.docx', 19, null),
        (20, '2023-05-05 08:43:18.885687', null,'0xCA', 'application/vnd.openxmlformats-officedocument.wordprocessingml.document', 'TemplateDeterminaProrogaEsenteCUP.docx', 20, null),
        (21, '2023-05-05 08:43:18.895313', null,'0xCA', 'application/vnd.openxmlformats-officedocument.wordprocessingml.document', 'TemplateDeterminaConcessioneEsenteBollo.docx', 21, null),
        (22, '2023-05-05 08:43:18.905509', null,'0xCA', 'application/vnd.openxmlformats-officedocument.wordprocessingml.document', 'TemplateDeterminaConcessioneEsenteBolloCUP.docx', 22, null),
        (23, '2023-05-05 08:43:18.933439', null,'0xCA', 'application/vnd.openxmlformats-officedocument.wordprocessingml.document', 'TemplateDeterminaConcessioneEsenteCUP.docx', 23, null),
        (1, '2023-05-05 08:43:18.696486', null, '0xCA', 'application/vnd.openxmlformats-officedocument.wordprocessingml.document', 'templateDeterminaConcessione.docx', 1, 1),
        (3, '2023-05-05 08:43:18.720491', null, '0xCA', 'application/vnd.openxmlformats-officedocument.wordprocessingml.document', 'TemplateDeterminaRigetto.docx', 3, 1);




ALTER SEQUENCE public.hibernate_sequence RESTART WITH 1;
ALTER SEQUENCE public.seq_allegato RESTART WITH 1;
ALTER SEQUENCE public.seq_com_email RESTART WITH 1;
ALTER SEQUENCE public.seq_dati_richiesta RESTART WITH 1;
ALTER SEQUENCE public.seq_integrazione RESTART WITH 1;
ALTER SEQUENCE public.seq_municipio RESTART WITH 6;
ALTER SEQUENCE public.seq_notifica_scadenzario RESTART WITH 1;
ALTER SEQUENCE public.seq_parere RESTART WITH 1;
ALTER SEQUENCE public.seq_pratica RESTART WITH 1;
ALTER SEQUENCE public.seq_protocollo RESTART WITH 1;
ALTER SEQUENCE public.seq_rich_integrazione RESTART WITH 1;
ALTER SEQUENCE public.seq_rich_parere RESTART WITH 1;
ALTER SEQUENCE public.seq_richiedente RESTART WITH 1;
ALTER SEQUENCE public.seq_template RESTART WITH 24;
ALTER SEQUENCE public.seq_utente RESTART WITH 93;
ALTER SEQUENCE public.seq_marca_bollo_pratica RESTART WITH 1;
ALTER SEQUENCE public.seq_marca_bollo_determina RESTART WITH 1;
ALTER SEQUENCE public.seq_automi_protocollo RESTART WITH 15;