--Insert Gruppi

INSERT INTO t_gruppo
(id, descrizione, flg_attesa_pagamento, flg_concessioni_valide, flg_fascicolo, flg_gest_invio_mail_determina, flg_gest_richiesta_parere, flg_gestione_profilo, flg_gestione_utenti, flg_inserisci_richiesta, flg_necessaria_integrazione, flg_pratica_inserita, flg_pratiche_approvate, flg_pratiche_archiviate, flg_pratiche_da_rigettare, flg_pratiche_preavviso_diniego, flg_pratiche_rigettate, flg_pronte_rilascio, flg_richiesta_pareri, flg_verifica_pratiche, flg_verifica_ripristino_luoghi)
VALUES(1, 'Admin', false, false, false, false, false, true, true, false, false, false, false, false, false, false, false, false, false, false, false);
INSERT INTO t_gruppo
(id, descrizione, flg_attesa_pagamento, flg_concessioni_valide, flg_fascicolo, flg_gest_invio_mail_determina, flg_gest_richiesta_parere, flg_gestione_profilo, flg_gestione_utenti, flg_inserisci_richiesta, flg_necessaria_integrazione, flg_pratica_inserita, flg_pratiche_approvate, flg_pratiche_archiviate, flg_pratiche_da_rigettare, flg_pratiche_preavviso_diniego, flg_pratiche_rigettate, flg_pronte_rilascio, flg_richiesta_pareri, flg_verifica_pratiche, flg_verifica_ripristino_luoghi)
VALUES(2, 'Operatore Sportello', true, true, true, false, false, true, false, true, true, false, false, false, false, false, false, false, false, false, false);
INSERT INTO t_gruppo
(id, descrizione, flg_attesa_pagamento, flg_concessioni_valide, flg_fascicolo, flg_gest_invio_mail_determina, flg_gest_richiesta_parere, flg_gestione_profilo, flg_gestione_utenti, flg_inserisci_richiesta, flg_necessaria_integrazione, flg_pratica_inserita, flg_pratiche_approvate, flg_pratiche_archiviate, flg_pratiche_da_rigettare, flg_pratiche_preavviso_diniego, flg_pratiche_rigettate, flg_pronte_rilascio, flg_richiesta_pareri, flg_verifica_pratiche, flg_verifica_ripristino_luoghi)
VALUES(3, 'Direttore Municipio', true, true, true, false, false, true, false, false, true, true, true, true, true, true, true, true, true, true, false);
INSERT INTO t_gruppo
(id, descrizione, flg_attesa_pagamento, flg_concessioni_valide, flg_fascicolo, flg_gest_invio_mail_determina, flg_gest_richiesta_parere, flg_gestione_profilo, flg_gestione_utenti, flg_inserisci_richiesta, flg_necessaria_integrazione, flg_pratica_inserita, flg_pratiche_approvate, flg_pratiche_archiviate, flg_pratiche_da_rigettare, flg_pratiche_preavviso_diniego, flg_pratiche_rigettate, flg_pronte_rilascio, flg_richiesta_pareri, flg_verifica_pratiche, flg_verifica_ripristino_luoghi)
VALUES(4, 'Istruttore Municipio', true, true, true, false, false, true, false, true, true, true, true, true, true, true, true, true, true, true, false);
INSERT INTO t_gruppo
(id, descrizione, flg_attesa_pagamento, flg_concessioni_valide, flg_fascicolo, flg_gest_invio_mail_determina, flg_gest_richiesta_parere, flg_gestione_profilo, flg_gestione_utenti, flg_inserisci_richiesta, flg_necessaria_integrazione, flg_pratica_inserita, flg_pratiche_approvate, flg_pratiche_archiviate, flg_pratiche_da_rigettare, flg_pratiche_preavviso_diniego, flg_pratiche_rigettate, flg_pronte_rilascio, flg_richiesta_pareri, flg_verifica_pratiche, flg_verifica_ripristino_luoghi)
VALUES(5, 'Polizia Locale', false, true, true, false, false, true, false, false, false, false, false, true, false, false, true, false, true, false, true);
INSERT INTO t_gruppo
(id, descrizione, flg_attesa_pagamento, flg_concessioni_valide, flg_fascicolo, flg_gest_invio_mail_determina, flg_gest_richiesta_parere, flg_gestione_profilo, flg_gestione_utenti, flg_inserisci_richiesta, flg_necessaria_integrazione, flg_pratica_inserita, flg_pratiche_approvate, flg_pratiche_archiviate, flg_pratiche_da_rigettare, flg_pratiche_preavviso_diniego, flg_pratiche_rigettate, flg_pronte_rilascio, flg_richiesta_pareri, flg_verifica_pratiche, flg_verifica_ripristino_luoghi)
VALUES(7, 'Ripartizione Urbanistica', false, true, true, false, true, true, false, false, false, false, false, true, false, false, true, false, true, false, false);
INSERT INTO t_gruppo
(id, descrizione, flg_attesa_pagamento, flg_concessioni_valide, flg_fascicolo, flg_gest_invio_mail_determina, flg_gest_richiesta_parere, flg_gestione_profilo, flg_gestione_utenti, flg_inserisci_richiesta, flg_necessaria_integrazione, flg_pratica_inserita, flg_pratiche_approvate, flg_pratiche_archiviate, flg_pratiche_da_rigettare, flg_pratiche_preavviso_diniego, flg_pratiche_rigettate, flg_pronte_rilascio, flg_richiesta_pareri, flg_verifica_pratiche, flg_verifica_ripristino_luoghi)
VALUES(11, 'Ripartizione Tributi', false, true, true, true, false, true, false, false, false, false, false, true, false, false, true, false, false, false, false);
INSERT INTO t_gruppo
(id, descrizione, flg_attesa_pagamento, flg_concessioni_valide, flg_fascicolo, flg_gest_invio_mail_determina, flg_gest_richiesta_parere, flg_gestione_profilo, flg_gestione_utenti, flg_inserisci_richiesta, flg_necessaria_integrazione, flg_pratica_inserita, flg_pratiche_approvate, flg_pratiche_archiviate, flg_pratiche_da_rigettare, flg_pratiche_preavviso_diniego, flg_pratiche_rigettate, flg_pronte_rilascio, flg_richiesta_pareri, flg_verifica_pratiche, flg_verifica_ripristino_luoghi)
VALUES(12, 'Ripartizione Ragioneria', false, true, true, true, false, true, false, false, false, false, false, true, false, false, true, false, false, false, false);
INSERT INTO t_gruppo
(id, descrizione, flg_attesa_pagamento, flg_concessioni_valide, flg_fascicolo, flg_gest_invio_mail_determina, flg_gest_richiesta_parere, flg_gestione_profilo, flg_gestione_utenti, flg_inserisci_richiesta, flg_necessaria_integrazione, flg_pratica_inserita, flg_pratiche_approvate, flg_pratiche_archiviate, flg_pratiche_da_rigettare, flg_pratiche_preavviso_diniego, flg_pratiche_rigettate, flg_pronte_rilascio, flg_richiesta_pareri, flg_verifica_pratiche, flg_verifica_ripristino_luoghi)
VALUES(13, 'Concessionario', false, true, true, true, false, true, false, false, false, false, false, false, false, false, false, false, false, false, false);
INSERT INTO t_gruppo
(id, descrizione, flg_attesa_pagamento, flg_concessioni_valide, flg_fascicolo, flg_gest_invio_mail_determina, flg_gest_richiesta_parere, flg_gestione_profilo, flg_gestione_utenti, flg_inserisci_richiesta, flg_necessaria_integrazione, flg_pratica_inserita, flg_pratiche_approvate, flg_pratiche_archiviate, flg_pratiche_da_rigettare, flg_pratiche_preavviso_diniego, flg_pratiche_rigettate, flg_pronte_rilascio, flg_richiesta_pareri, flg_verifica_pratiche, flg_verifica_ripristino_luoghi)
VALUES(14, 'IVOOPP - Settore Urbanizzazioni Primarie', false, true, true, false, true, true, false, false, false, false, false, true, false, false, true, false, true, false, false);
INSERT INTO t_gruppo
(id, descrizione, flg_attesa_pagamento, flg_concessioni_valide, flg_fascicolo, flg_gest_invio_mail_determina, flg_gest_richiesta_parere, flg_gestione_profilo, flg_gestione_utenti, flg_inserisci_richiesta, flg_necessaria_integrazione, flg_pratica_inserita, flg_pratiche_approvate, flg_pratiche_archiviate, flg_pratiche_da_rigettare, flg_pratiche_preavviso_diniego, flg_pratiche_rigettate, flg_pronte_rilascio, flg_richiesta_pareri, flg_verifica_pratiche, flg_verifica_ripristino_luoghi)
VALUES(15, 'IVOOPP - Settore Giardini', false, true, true, false, true, true, false, false, false, false, false, true, false, false, true, false, true, false, false);
INSERT INTO t_gruppo
(id, descrizione, flg_attesa_pagamento, flg_concessioni_valide, flg_fascicolo, flg_gest_invio_mail_determina, flg_gest_richiesta_parere, flg_gestione_profilo, flg_gestione_utenti, flg_inserisci_richiesta, flg_necessaria_integrazione, flg_pratica_inserita, flg_pratiche_approvate, flg_pratiche_archiviate, flg_pratiche_da_rigettare, flg_pratiche_preavviso_diniego, flg_pratiche_rigettate, flg_pronte_rilascio, flg_richiesta_pareri, flg_verifica_pratiche, flg_verifica_ripristino_luoghi)
VALUES(16, 'IVOOPP - Settore Interventi sul Territorio', false, true, true, false, true, true, false, false, false, false, false, true, false, false, true, false, true, false, false);
INSERT INTO t_gruppo
(id, descrizione, flg_attesa_pagamento, flg_concessioni_valide, flg_fascicolo, flg_gest_invio_mail_determina, flg_gest_richiesta_parere, flg_gestione_profilo, flg_gestione_utenti, flg_inserisci_richiesta, flg_necessaria_integrazione, flg_pratica_inserita, flg_pratiche_approvate, flg_pratiche_archiviate, flg_pratiche_da_rigettare, flg_pratiche_preavviso_diniego, flg_pratiche_rigettate, flg_pronte_rilascio, flg_richiesta_pareri, flg_verifica_pratiche, flg_verifica_ripristino_luoghi)
VALUES(17, 'IVOOPP - Settore Infrastrutture a Rete', false, true, true, false, true, true, false, false, false, false, false, true, false, false, true, false, true, false, false);
INSERT INTO t_gruppo
(id, descrizione, flg_attesa_pagamento, flg_concessioni_valide, flg_fascicolo, flg_gest_invio_mail_determina, flg_gest_richiesta_parere, flg_gestione_profilo, flg_gestione_utenti, flg_inserisci_richiesta, flg_necessaria_integrazione, flg_pratica_inserita, flg_pratiche_approvate, flg_pratiche_archiviate, flg_pratiche_da_rigettare, flg_pratiche_preavviso_diniego, flg_pratiche_rigettate, flg_pronte_rilascio, flg_richiesta_pareri, flg_verifica_pratiche, flg_verifica_ripristino_luoghi)
VALUES(18, 'Ripartizione Patrimonio', false, true, true, false, true, true, false, false, false, false, false, true, false, false, true, false, true, false, false);
INSERT INTO t_gruppo
(id, descrizione, flg_attesa_pagamento, flg_concessioni_valide, flg_fascicolo, flg_gest_invio_mail_determina, flg_gest_richiesta_parere, flg_gestione_profilo, flg_gestione_utenti, flg_inserisci_richiesta, flg_necessaria_integrazione, flg_pratica_inserita, flg_pratiche_approvate, flg_pratiche_archiviate, flg_pratiche_da_rigettare, flg_pratiche_preavviso_diniego, flg_pratiche_rigettate, flg_pronte_rilascio, flg_richiesta_pareri, flg_verifica_pratiche, flg_verifica_ripristino_luoghi)
VALUES(19, 'Polizia Locale Generale', false, true, true, false, false, true, false, false, false, false, false, true, false, false, true, false, true, false, false);
INSERT INTO t_gruppo
(id, descrizione, flg_attesa_pagamento, flg_concessioni_valide, flg_fascicolo, flg_gest_invio_mail_determina, flg_gest_richiesta_parere, flg_gestione_profilo, flg_gestione_utenti, flg_inserisci_richiesta, flg_necessaria_integrazione, flg_pratica_inserita, flg_pratiche_approvate, flg_pratiche_archiviate, flg_pratiche_da_rigettare, flg_pratiche_preavviso_diniego, flg_pratiche_rigettate, flg_pronte_rilascio, flg_richiesta_pareri, flg_verifica_pratiche, flg_verifica_ripristino_luoghi)
VALUES(20, 'EGOV', false, false, false, false, false, false, false, false, false, false, false, false, false, false, false, false, false, false, false);
INSERT INTO t_gruppo
(id, descrizione, flg_attesa_pagamento, flg_concessioni_valide, flg_fascicolo, flg_gest_invio_mail_determina, flg_gest_richiesta_parere, flg_gestione_profilo, flg_gestione_utenti, flg_inserisci_richiesta, flg_necessaria_integrazione, flg_pratica_inserita, flg_pratiche_approvate, flg_pratiche_archiviate, flg_pratiche_da_rigettare, flg_pratiche_preavviso_diniego, flg_pratiche_rigettate, flg_pronte_rilascio, flg_richiesta_pareri, flg_verifica_pratiche, flg_verifica_ripristino_luoghi)
VALUES(21, 'Destinatari ordinanze', false, false, false, false, false, false, false, false, false, false, false, false, false, false, false, false, false, false, false);


--Insert Municipi

INSERT INTO t_municipio
(id, descrizione)
VALUES(1, 'Municipio 1');

INSERT INTO t_municipio
(id, descrizione)
VALUES(2, 'Municipio 2');

INSERT INTO t_municipio
(id, descrizione)
VALUES(3, 'Municipio 3');

INSERT INTO t_municipio
(id, descrizione)
VALUES(4, 'Municipio 4');

INSERT INTO t_municipio
(id, descrizione)
VALUES(5, 'Municipio 5');


--Insert Stati Pratica

INSERT INTO tp_stato_pratica
(id, descrizione, descrizione_estesa)
VALUES(0, 'Bozza', 'Pratica in bozza da completare');

INSERT INTO tp_stato_pratica
(id, descrizione, descrizione_estesa)
VALUES(1, 'Inserita', 'Pratica completata e protocollata in attesa di essere assegnata dal dirigente/presa in carico dall''istruttore');

INSERT INTO tp_stato_pratica
(id, descrizione, descrizione_estesa)
VALUES(2, 'Verifica formale','Pratica assegnata/presa in carico ed in lavorazione');

INSERT INTO tp_stato_pratica
(id, descrizione, descrizione_estesa)
VALUES(3, 'Richiesta pareri','Pratica in attesa di rilascio pareri');

INSERT INTO tp_stato_pratica
(id, descrizione, descrizione_estesa)
VALUES(4, 'Necessaria integrazione','Pratica in attesa di integrazione documentale da parte dell''istante');

INSERT INTO tp_stato_pratica
(id, descrizione, descrizione_estesa)
VALUES(5, 'Pratica da rigettare','Pratica in attesa del rigetto da parte dell''istruttore');

INSERT INTO tp_stato_pratica
(id, descrizione, descrizione_estesa)
VALUES(6, 'Approvata','Pratica approvata con adozione della determina');

INSERT INTO tp_stato_pratica
(id, descrizione, descrizione_estesa)
VALUES(7, 'Preavviso diniego','Pratica in attesa di integrazione dopo il preavviso di diniego da parte dell''istante');

INSERT INTO tp_stato_pratica
(id, descrizione, descrizione_estesa)
VALUES(8, 'Attesa di pagamento','In attesa dell''effettuazione dei pagamenti');

INSERT INTO tp_stato_pratica
(id, descrizione, descrizione_estesa)
VALUES(9, 'Pronto al rilascio','In attesa del rilascio dell''atto concessorio');

INSERT INTO tp_stato_pratica
(id, descrizione, descrizione_estesa)
VALUES(10, 'Concessione valida','Atto concessorio consegnato');

INSERT INTO tp_stato_pratica
(id, descrizione, descrizione_estesa)
VALUES(18, 'Archiviata','Concessione archiviata');

INSERT INTO tp_stato_pratica
(id, descrizione, descrizione_estesa)
VALUES(20, 'Rigettata','Pratica rigettata');

INSERT INTO tp_stato_pratica
(id, descrizione, descrizione_estesa)
VALUES(21, 'Revocata','Concessione revocata');

INSERT INTO tp_stato_pratica
(id, descrizione, descrizione_estesa)
VALUES(22, 'Decaduta','Concessione decaduta');

INSERT INTO tp_stato_pratica
(id, descrizione, descrizione_estesa)
VALUES(23, 'Annullata','Concessione annullata');

INSERT INTO tp_stato_pratica
(id, descrizione, descrizione_estesa)
VALUES(24, 'Sospesa','Concessione sospesa');

INSERT INTO tp_stato_pratica
(id, descrizione, descrizione_estesa)
VALUES(25, 'Terminata','Concessione scaduta');

INSERT INTO tp_stato_pratica
(id, descrizione, descrizione_estesa)
VALUES(26, 'Rinunciata','Concessione rinunciata');

INSERT INTO tp_stato_pratica
(id, descrizione, descrizione_estesa)
VALUES(27, 'Rettifica date','Pratica in attesa di rettifica date occupazione');


--Insert Tipo Ruolo Richiedente

INSERT INTO tp_tipo_ruolo_richiedente
(id, descrizione)
VALUES(1, 'Destinatario');

INSERT INTO tp_tipo_ruolo_richiedente
(id, descrizione)
VALUES(2, 'Legale rappresentante');

INSERT INTO tp_tipo_ruolo_richiedente
(id, descrizione)
VALUES(3, 'Delegato');


--Insert Tipo Processo

INSERT INTO tp_tipo_processo
(id, descrizione)
VALUES(1, 'Concessione temporanea');
INSERT INTO tp_tipo_processo
(id, descrizione)
VALUES(2, 'Proroga concessione temporanea');
INSERT INTO tp_tipo_processo
(id, descrizione)
VALUES(3, 'Rinuncia concessione temporanea');
INSERT INTO tp_tipo_processo
(id, descrizione)
VALUES(4, 'Rettifica per correzione errori materiali');
INSERT INTO tp_tipo_processo
(id, descrizione)
VALUES(5, 'Revoca della concessione');
INSERT INTO tp_tipo_processo
(id, descrizione)
VALUES(6, 'Decadenza della concessione');
INSERT INTO tp_tipo_processo
(id, descrizione)
VALUES(7, 'Annullamento della concessione');


--Insert Tipo Allegato

INSERT INTO tp_tipo_allegato
(id, descrizione, descrizione_estesa)
VALUES(1, 'Stralcio aereo fotogrammetrico', 'Stralcio aereo fotogrammetrico - rapp.1:5000/1:2000 - individuazione area d''intervento');
INSERT INTO tp_tipo_allegato
(id, descrizione, descrizione_estesa)
VALUES(2, 'Planimetria', 'Planimetria in scala 1/100 e 1/200');
INSERT INTO tp_tipo_allegato
(id, descrizione, descrizione_estesa)
VALUES(3, 'Planimetria dell''intervento con ingombri', 'Planimetria in scala opportuna dell''ubicazione dell''intervento con gli ingombri quotati');
INSERT INTO tp_tipo_allegato
(id, descrizione, descrizione_estesa)
VALUES(4, 'Rilievo dello stato dei luoghi', 'Rilievo dello stato dei luoghi');
INSERT INTO tp_tipo_allegato
(id, descrizione, descrizione_estesa)
VALUES(5, 'Documento di riconoscimento istante', 'Copia documento di riconoscimento dell''istante (carta d''identità, passaporto o patente)');
INSERT INTO tp_tipo_allegato
(id, descrizione, descrizione_estesa)
VALUES(6, 'Attestazione pagamento marca da bollo', 'Attestazione pagamento marca da bollo');
INSERT INTO tp_tipo_allegato
(id, descrizione, descrizione_estesa)
VALUES(7, 'Elaborati grafici', 'Elaborati grafici su formato A4 o A3');
INSERT INTO tp_tipo_allegato
(id, descrizione, descrizione_estesa)
VALUES(8, 'Documento di riconoscimento beneficiario ', 'Copia documento di riconoscimento del beneficiario (carta d''identità, passaporto o patente)');
INSERT INTO tp_tipo_allegato
(id, descrizione, descrizione_estesa)
VALUES(9, 'Valutazione di interferenze rilasciata da tecnico abilitato', 'Valutazione di interferenze rilasciata da tecnico abilitato');
INSERT INTO tp_tipo_allegato
(id, descrizione, descrizione_estesa)
VALUES(10, 'Nulla osta soggetti coinvolti', 'Nulla osta di altri soggetti terzi coinvolti');
INSERT INTO tp_tipo_allegato
(id, descrizione, descrizione_estesa)
VALUES(11, 'Copia contratto della strumentazione noleggiata ', 'Copia o dichiarazione sostitutiva del contratto di noleggio della strumentazione');
INSERT INTO tp_tipo_allegato
(id, descrizione, descrizione_estesa)
VALUES(12, 'Altro documento ', 'Altro documento da specificare');
INSERT INTO tp_tipo_allegato
(id, descrizione, descrizione_estesa)
VALUES(13, 'Relazione di servizio', 'Relazione di servizio');
INSERT INTO tp_tipo_allegato
(id, descrizione, descrizione_estesa)
VALUES(14, 'Istruttoria tecnica', 'Istruttoria tecnica');
INSERT INTO tp_tipo_allegato
(id, descrizione, descrizione_estesa)
VALUES(15, 'Ordinanza', 'Ordinanza');
INSERT INTO tp_tipo_allegato
(id, descrizione, descrizione_estesa)
VALUES(16, 'Determina di concessione', 'Determina di concessione occupazione temporanea');
INSERT INTO tp_tipo_allegato
(id, descrizione, descrizione_estesa)
VALUES(17, 'Certificazione pagamento marca da bollo', 'Certificazione pagamento marca da bollo');
INSERT INTO tp_tipo_allegato
(id, descrizione, descrizione_estesa)
VALUES(18, 'Canone Unico Patrimoniale (CUP)', 'Ricevuta di pagamento Canone Unico Patrimoniale (CUP)');
INSERT INTO tp_tipo_allegato
(id, descrizione, descrizione_estesa)
VALUES(19, 'Determina rigetto', 'Determina di rigetto della richiesta');
INSERT INTO tp_tipo_allegato
(id, descrizione, descrizione_estesa)
VALUES(20, 'Attestazione di pagamento TARSU', 'Attestazione di pagamento TARSU');
INSERT INTO tp_tipo_allegato
(id, descrizione, descrizione_estesa)
VALUES(21, 'Attestazione di pagamento TARIG', 'Attestazione di pagamento TARIG');
INSERT INTO tp_tipo_allegato
(id, descrizione, descrizione_estesa)
VALUES(22, 'Motivazioni tecniche proroga', 'Motivazioni tecniche per la richiesta di proroga da parte della direzione dei lavori per i cantieri edili e stradali o tecnico abilitato');
INSERT INTO tp_tipo_allegato
(id, descrizione, descrizione_estesa)
VALUES(23, 'Attestazione di pagamento CUP concessione', 'Attestazione di pagamento Canone Unico Patrimoniale (CUP) relativa alla precedente occupazione');
INSERT INTO tp_tipo_allegato
(id, descrizione, descrizione_estesa)
VALUES(24, 'Attestazione di pagamento TARSU-TARIG concessione', 'Attestazione di pagamento TARSU-TARIG relativa alla precedente occupazione');
INSERT INTO tp_tipo_allegato
(id, descrizione, descrizione_estesa)
VALUES(25, 'Documentazione ripristino stato dei luoghi', 'Documentazione tecnica ripristino stato dei luoghi da tecnico abilitato');
INSERT INTO tp_tipo_allegato
(id, descrizione, descrizione_estesa)
VALUES(26, 'Foto ripristino stato dei luoghi', 'Foto di ripristino dello stato dei luoghi redatte da tecnico abilitato');
INSERT INTO tp_tipo_allegato
(id, descrizione, descrizione_estesa)
VALUES(27, 'Determina di rinuncia', 'Determina di rinuncia occupazione temporanea');
INSERT INTO tp_tipo_allegato
(id, descrizione, descrizione_estesa)
VALUES(28, 'Determina di rettifica', 'Determina di rettifica per risoluzioni errori materiali');
INSERT INTO tp_tipo_allegato
(id, descrizione, descrizione_estesa)
VALUES(29, 'Determina di revoca', 'Determina di revoca occupazione temporanea');
INSERT INTO tp_tipo_allegato
(id, descrizione, descrizione_estesa)
VALUES(30, 'Determina di decadenza', 'Determina di decadenza occupazione temporanea');
INSERT INTO tp_tipo_allegato
(id, descrizione, descrizione_estesa)
VALUES(31, 'Determina di annullamento', 'Determina di annullamento occupazione temporanea');
INSERT INTO tp_tipo_allegato
(id, descrizione, descrizione_estesa)
VALUES(32, 'Determina di proroga', 'Determina di proroga occupazione temporanea');
INSERT INTO tp_tipo_allegato
(id, descrizione, descrizione_estesa)
VALUES(33, 'Dichiarazione esenzione marca da bollo', 'Dichiarazione esenzione marca da bollo');
INSERT INTO tp_tipo_allegato
(id, descrizione, descrizione_estesa)
VALUES(34, 'Documentazione per integrazione/diniego', 'Documentazione per integrazione/diniego');


--Insert Tipo Allegato Gruppo Stato Processo

INSERT INTO a_tipo_allegato_grup_stat_proc
(id, flg_obbligatorio, flg_testo_libero, id_gruppo, id_stato_pratica, id_tipo_allegato, id_tipo_processo)
VALUES(1, true, false, 2, 0, 1, 1);
INSERT INTO a_tipo_allegato_grup_stat_proc
(id, flg_obbligatorio, flg_testo_libero, id_gruppo, id_stato_pratica, id_tipo_allegato, id_tipo_processo)
VALUES(2, true, false, 2, 0, 2, 1);
INSERT INTO a_tipo_allegato_grup_stat_proc
(id, flg_obbligatorio, flg_testo_libero, id_gruppo, id_stato_pratica, id_tipo_allegato, id_tipo_processo)
VALUES(3, true, false, 2, 0, 3, 1);
INSERT INTO a_tipo_allegato_grup_stat_proc
(id, flg_obbligatorio, flg_testo_libero, id_gruppo, id_stato_pratica, id_tipo_allegato, id_tipo_processo)
VALUES(4, true, false, 2, 0, 4, 1);
INSERT INTO a_tipo_allegato_grup_stat_proc
(id, flg_obbligatorio, flg_testo_libero, id_gruppo, id_stato_pratica, id_tipo_allegato, id_tipo_processo)
VALUES(5, true, false, 2, 0, 5, 1);
INSERT INTO a_tipo_allegato_grup_stat_proc
(id, flg_obbligatorio, flg_testo_libero, id_gruppo, id_stato_pratica, id_tipo_allegato, id_tipo_processo)
VALUES(6, true, false, 2, 0, 6, 1);
INSERT INTO a_tipo_allegato_grup_stat_proc
(id, flg_obbligatorio, flg_testo_libero, id_gruppo, id_stato_pratica, id_tipo_allegato, id_tipo_processo)
VALUES(7, false, false, 2, 0, 7, 1);
INSERT INTO a_tipo_allegato_grup_stat_proc
(id, flg_obbligatorio, flg_testo_libero, id_gruppo, id_stato_pratica, id_tipo_allegato, id_tipo_processo)
VALUES(8, true, false, 2, 0, 8, 1);
INSERT INTO a_tipo_allegato_grup_stat_proc
(id, flg_obbligatorio, flg_testo_libero, id_gruppo, id_stato_pratica, id_tipo_allegato, id_tipo_processo)
VALUES(9, false, false, 2, 0, 9, 1);
INSERT INTO a_tipo_allegato_grup_stat_proc
(id, flg_obbligatorio, flg_testo_libero, id_gruppo, id_stato_pratica, id_tipo_allegato, id_tipo_processo)
VALUES(10, false, false, 2, 0, 10, 1);
INSERT INTO a_tipo_allegato_grup_stat_proc
(id, flg_obbligatorio, flg_testo_libero, id_gruppo, id_stato_pratica, id_tipo_allegato, id_tipo_processo)
VALUES(11, false, false, 2, 0, 11, 1);
INSERT INTO a_tipo_allegato_grup_stat_proc
(id, flg_obbligatorio, flg_testo_libero, id_gruppo, id_stato_pratica, id_tipo_allegato, id_tipo_processo)
VALUES(12, false, true, 2, 0, 12, 1);
INSERT INTO a_tipo_allegato_grup_stat_proc
(id, flg_obbligatorio, flg_testo_libero, id_gruppo, id_stato_pratica, id_tipo_allegato, id_tipo_processo)
VALUES(13, true, false, 4, 0, 1, 1);
INSERT INTO a_tipo_allegato_grup_stat_proc
(id, flg_obbligatorio, flg_testo_libero, id_gruppo, id_stato_pratica, id_tipo_allegato, id_tipo_processo)
VALUES(14, true, false, 4, 0, 2, 1);
INSERT INTO a_tipo_allegato_grup_stat_proc
(id, flg_obbligatorio, flg_testo_libero, id_gruppo, id_stato_pratica, id_tipo_allegato, id_tipo_processo)
VALUES(15, true, false, 4, 0, 3, 1);
INSERT INTO a_tipo_allegato_grup_stat_proc
(id, flg_obbligatorio, flg_testo_libero, id_gruppo, id_stato_pratica, id_tipo_allegato, id_tipo_processo)
VALUES(16, true, false, 4, 0, 4, 1);
INSERT INTO a_tipo_allegato_grup_stat_proc
(id, flg_obbligatorio, flg_testo_libero, id_gruppo, id_stato_pratica, id_tipo_allegato, id_tipo_processo)
VALUES(17, true, false, 4, 0, 5, 1);
INSERT INTO a_tipo_allegato_grup_stat_proc
(id, flg_obbligatorio, flg_testo_libero, id_gruppo, id_stato_pratica, id_tipo_allegato, id_tipo_processo)
VALUES(18, true, false, 4, 0, 6, 1);
INSERT INTO a_tipo_allegato_grup_stat_proc
(id, flg_obbligatorio, flg_testo_libero, id_gruppo, id_stato_pratica, id_tipo_allegato, id_tipo_processo)
VALUES(19, false, false, 4, 0, 7, 1);
INSERT INTO a_tipo_allegato_grup_stat_proc
(id, flg_obbligatorio, flg_testo_libero, id_gruppo, id_stato_pratica, id_tipo_allegato, id_tipo_processo)
VALUES(20, true, false, 4, 0, 8, 1);
INSERT INTO a_tipo_allegato_grup_stat_proc
(id, flg_obbligatorio, flg_testo_libero, id_gruppo, id_stato_pratica, id_tipo_allegato, id_tipo_processo)
VALUES(21, false, false, 4, 0, 9, 1);
INSERT INTO a_tipo_allegato_grup_stat_proc
(id, flg_obbligatorio, flg_testo_libero, id_gruppo, id_stato_pratica, id_tipo_allegato, id_tipo_processo)
VALUES(22, false, false, 4, 0, 10, 1);
INSERT INTO a_tipo_allegato_grup_stat_proc
(id, flg_obbligatorio, flg_testo_libero, id_gruppo, id_stato_pratica, id_tipo_allegato, id_tipo_processo)
VALUES(23, false, false, 4, 0, 11, 1);
INSERT INTO a_tipo_allegato_grup_stat_proc
(id, flg_obbligatorio, flg_testo_libero, id_gruppo, id_stato_pratica, id_tipo_allegato, id_tipo_processo)
VALUES(24, false, true, 4, 0, 12, 1);
INSERT INTO a_tipo_allegato_grup_stat_proc
(id, flg_obbligatorio, flg_testo_libero, id_gruppo, id_stato_pratica, id_tipo_allegato, id_tipo_processo)
VALUES(25, true, false, 5, 3, 13, 1);
INSERT INTO a_tipo_allegato_grup_stat_proc
(id, flg_obbligatorio, flg_testo_libero, id_gruppo, id_stato_pratica, id_tipo_allegato, id_tipo_processo)
VALUES(26, false, false, 5, 3, 15, 1);
INSERT INTO a_tipo_allegato_grup_stat_proc
(id, flg_obbligatorio, flg_testo_libero, id_gruppo, id_stato_pratica, id_tipo_allegato, id_tipo_processo)
VALUES(27, true, false, 7, 3, 14, 1);
INSERT INTO a_tipo_allegato_grup_stat_proc
(id, flg_obbligatorio, flg_testo_libero, id_gruppo, id_stato_pratica, id_tipo_allegato, id_tipo_processo)
VALUES(28, false, false, 7, 3, 15, 1);
INSERT INTO a_tipo_allegato_grup_stat_proc
(id, flg_obbligatorio, flg_testo_libero, id_gruppo, id_stato_pratica, id_tipo_allegato, id_tipo_processo)
VALUES(29, true, false, 18, 3, 14, 1);
INSERT INTO a_tipo_allegato_grup_stat_proc
(id, flg_obbligatorio, flg_testo_libero, id_gruppo, id_stato_pratica, id_tipo_allegato, id_tipo_processo)
VALUES(30, false, false, 18, 3, 15, 1);
INSERT INTO a_tipo_allegato_grup_stat_proc
(id, flg_obbligatorio, flg_testo_libero, id_gruppo, id_stato_pratica, id_tipo_allegato, id_tipo_processo)
VALUES(31, true, false, 15, 3, 14, 1);
INSERT INTO a_tipo_allegato_grup_stat_proc
(id, flg_obbligatorio, flg_testo_libero, id_gruppo, id_stato_pratica, id_tipo_allegato, id_tipo_processo)
VALUES(32, false, false, 15, 3, 15, 1);
INSERT INTO a_tipo_allegato_grup_stat_proc
(id, flg_obbligatorio, flg_testo_libero, id_gruppo, id_stato_pratica, id_tipo_allegato, id_tipo_processo)
VALUES(33, true, false, 16, 3, 14, 1);
INSERT INTO a_tipo_allegato_grup_stat_proc
(id, flg_obbligatorio, flg_testo_libero, id_gruppo, id_stato_pratica, id_tipo_allegato, id_tipo_processo)
VALUES(34, false, false, 16, 3, 15, 1);
INSERT INTO a_tipo_allegato_grup_stat_proc
(id, flg_obbligatorio, flg_testo_libero, id_gruppo, id_stato_pratica, id_tipo_allegato, id_tipo_processo)
VALUES(35, true, false, 14, 3, 14, 1);
INSERT INTO a_tipo_allegato_grup_stat_proc
(id, flg_obbligatorio, flg_testo_libero, id_gruppo, id_stato_pratica, id_tipo_allegato, id_tipo_processo)
VALUES(36, false, false, 14, 3, 15, 1);
INSERT INTO a_tipo_allegato_grup_stat_proc
(id, flg_obbligatorio, flg_testo_libero, id_gruppo, id_stato_pratica, id_tipo_allegato, id_tipo_processo)
VALUES(37, true, false, 17, 3, 14, 1);
INSERT INTO a_tipo_allegato_grup_stat_proc
(id, flg_obbligatorio, flg_testo_libero, id_gruppo, id_stato_pratica, id_tipo_allegato, id_tipo_processo)
VALUES(38, false, false, 17, 3, 15, 1);
INSERT INTO a_tipo_allegato_grup_stat_proc
(id, flg_obbligatorio, flg_testo_libero, id_gruppo, id_stato_pratica, id_tipo_allegato, id_tipo_processo)
VALUES(39, true, false, 4, 6, 16, 1);
INSERT INTO a_tipo_allegato_grup_stat_proc
(id, flg_obbligatorio, flg_testo_libero, id_gruppo, id_stato_pratica, id_tipo_allegato, id_tipo_processo)
VALUES(40, true, false, 2, 8, 17, 1);
INSERT INTO a_tipo_allegato_grup_stat_proc
(id, flg_obbligatorio, flg_testo_libero, id_gruppo, id_stato_pratica, id_tipo_allegato, id_tipo_processo)
VALUES(41, true, false, 4, 8, 17, 1);
INSERT INTO a_tipo_allegato_grup_stat_proc
(id, flg_obbligatorio, flg_testo_libero, id_gruppo, id_stato_pratica, id_tipo_allegato, id_tipo_processo)
VALUES(42, true, false, 2, 8, 18, 1);
INSERT INTO a_tipo_allegato_grup_stat_proc
(id, flg_obbligatorio, flg_testo_libero, id_gruppo, id_stato_pratica, id_tipo_allegato, id_tipo_processo)
VALUES(43, true, false, 4, 8, 18, 1);
INSERT INTO a_tipo_allegato_grup_stat_proc
(id, flg_obbligatorio, flg_testo_libero, id_gruppo, id_stato_pratica, id_tipo_allegato, id_tipo_processo)
VALUES(44, true, false, 4, 5, 19, 1);
INSERT INTO a_tipo_allegato_grup_stat_proc
(id, flg_obbligatorio, flg_testo_libero, id_gruppo, id_stato_pratica, id_tipo_allegato, id_tipo_processo)
VALUES(45, false, false, 2, 4, 1, 1);
INSERT INTO a_tipo_allegato_grup_stat_proc
(id, flg_obbligatorio, flg_testo_libero, id_gruppo, id_stato_pratica, id_tipo_allegato, id_tipo_processo)
VALUES(46, false, false, 2, 4, 2, 1);
INSERT INTO a_tipo_allegato_grup_stat_proc
(id, flg_obbligatorio, flg_testo_libero, id_gruppo, id_stato_pratica, id_tipo_allegato, id_tipo_processo)
VALUES(47, false, false, 2, 4, 3, 1);
INSERT INTO a_tipo_allegato_grup_stat_proc
(id, flg_obbligatorio, flg_testo_libero, id_gruppo, id_stato_pratica, id_tipo_allegato, id_tipo_processo)
VALUES(48, false, false, 2, 4, 4, 1);
INSERT INTO a_tipo_allegato_grup_stat_proc
(id, flg_obbligatorio, flg_testo_libero, id_gruppo, id_stato_pratica, id_tipo_allegato, id_tipo_processo)
VALUES(49, false, false, 2, 4, 5, 1);
INSERT INTO a_tipo_allegato_grup_stat_proc
(id, flg_obbligatorio, flg_testo_libero, id_gruppo, id_stato_pratica, id_tipo_allegato, id_tipo_processo)
VALUES(50, false, false, 2, 4, 6, 1);
INSERT INTO a_tipo_allegato_grup_stat_proc
(id, flg_obbligatorio, flg_testo_libero, id_gruppo, id_stato_pratica, id_tipo_allegato, id_tipo_processo)
VALUES(51, false, false, 2, 4, 7, 1);
INSERT INTO a_tipo_allegato_grup_stat_proc
(id, flg_obbligatorio, flg_testo_libero, id_gruppo, id_stato_pratica, id_tipo_allegato, id_tipo_processo)
VALUES(52, false, false, 2, 4, 8, 1);
INSERT INTO a_tipo_allegato_grup_stat_proc
(id, flg_obbligatorio, flg_testo_libero, id_gruppo, id_stato_pratica, id_tipo_allegato, id_tipo_processo)
VALUES(53, false, false, 2, 4, 9, 1);
INSERT INTO a_tipo_allegato_grup_stat_proc
(id, flg_obbligatorio, flg_testo_libero, id_gruppo, id_stato_pratica, id_tipo_allegato, id_tipo_processo)
VALUES(54, false, false, 2, 4, 10, 1);
INSERT INTO a_tipo_allegato_grup_stat_proc
(id, flg_obbligatorio, flg_testo_libero, id_gruppo, id_stato_pratica, id_tipo_allegato, id_tipo_processo)
VALUES(55, false, false, 2, 4, 11, 1);
INSERT INTO a_tipo_allegato_grup_stat_proc
(id, flg_obbligatorio, flg_testo_libero, id_gruppo, id_stato_pratica, id_tipo_allegato, id_tipo_processo)
VALUES(56, false, true, 2, 4, 12, 1);
INSERT INTO a_tipo_allegato_grup_stat_proc
(id, flg_obbligatorio, flg_testo_libero, id_gruppo, id_stato_pratica, id_tipo_allegato, id_tipo_processo)
VALUES(57, false, false, 4, 4, 1, 1);
INSERT INTO a_tipo_allegato_grup_stat_proc
(id, flg_obbligatorio, flg_testo_libero, id_gruppo, id_stato_pratica, id_tipo_allegato, id_tipo_processo)
VALUES(58, false, false, 4, 4, 2, 1);
INSERT INTO a_tipo_allegato_grup_stat_proc
(id, flg_obbligatorio, flg_testo_libero, id_gruppo, id_stato_pratica, id_tipo_allegato, id_tipo_processo)
VALUES(59, false, false, 4, 4, 3, 1);
INSERT INTO a_tipo_allegato_grup_stat_proc
(id, flg_obbligatorio, flg_testo_libero, id_gruppo, id_stato_pratica, id_tipo_allegato, id_tipo_processo)
VALUES(60, false, false, 4, 4, 4, 1);
INSERT INTO a_tipo_allegato_grup_stat_proc
(id, flg_obbligatorio, flg_testo_libero, id_gruppo, id_stato_pratica, id_tipo_allegato, id_tipo_processo)
VALUES(61, false, false, 4, 4, 5, 1);
INSERT INTO a_tipo_allegato_grup_stat_proc
(id, flg_obbligatorio, flg_testo_libero, id_gruppo, id_stato_pratica, id_tipo_allegato, id_tipo_processo)
VALUES(62, false, false, 4, 4, 6, 1);
INSERT INTO a_tipo_allegato_grup_stat_proc
(id, flg_obbligatorio, flg_testo_libero, id_gruppo, id_stato_pratica, id_tipo_allegato, id_tipo_processo)
VALUES(63, false, false, 4, 4, 7, 1);
INSERT INTO a_tipo_allegato_grup_stat_proc
(id, flg_obbligatorio, flg_testo_libero, id_gruppo, id_stato_pratica, id_tipo_allegato, id_tipo_processo)
VALUES(64, false, false, 4, 4, 8, 1);
INSERT INTO a_tipo_allegato_grup_stat_proc
(id, flg_obbligatorio, flg_testo_libero, id_gruppo, id_stato_pratica, id_tipo_allegato, id_tipo_processo)
VALUES(65, false, false, 4, 4, 9, 1);
INSERT INTO a_tipo_allegato_grup_stat_proc
(id, flg_obbligatorio, flg_testo_libero, id_gruppo, id_stato_pratica, id_tipo_allegato, id_tipo_processo)
VALUES(66, false, false, 4, 4, 10, 1);
INSERT INTO a_tipo_allegato_grup_stat_proc
(id, flg_obbligatorio, flg_testo_libero, id_gruppo, id_stato_pratica, id_tipo_allegato, id_tipo_processo)
VALUES(67, false, false, 4, 4, 11, 1);
INSERT INTO a_tipo_allegato_grup_stat_proc
(id, flg_obbligatorio, flg_testo_libero, id_gruppo, id_stato_pratica, id_tipo_allegato, id_tipo_processo)
VALUES(68, false, true, 4, 4, 12, 1);
INSERT INTO a_tipo_allegato_grup_stat_proc
(id, flg_obbligatorio, flg_testo_libero, id_gruppo, id_stato_pratica, id_tipo_allegato, id_tipo_processo)
VALUES(69, false, false, 2, 7, 1, 1);
INSERT INTO a_tipo_allegato_grup_stat_proc
(id, flg_obbligatorio, flg_testo_libero, id_gruppo, id_stato_pratica, id_tipo_allegato, id_tipo_processo)
VALUES(70, false, false, 2, 7, 2, 1);
INSERT INTO a_tipo_allegato_grup_stat_proc
(id, flg_obbligatorio, flg_testo_libero, id_gruppo, id_stato_pratica, id_tipo_allegato, id_tipo_processo)
VALUES(71, false, false, 2, 7, 3, 1);
INSERT INTO a_tipo_allegato_grup_stat_proc
(id, flg_obbligatorio, flg_testo_libero, id_gruppo, id_stato_pratica, id_tipo_allegato, id_tipo_processo)
VALUES(72, false, false, 2, 7, 4, 1);
INSERT INTO a_tipo_allegato_grup_stat_proc
(id, flg_obbligatorio, flg_testo_libero, id_gruppo, id_stato_pratica, id_tipo_allegato, id_tipo_processo)
VALUES(73, false, false, 2, 7, 5, 1);
INSERT INTO a_tipo_allegato_grup_stat_proc
(id, flg_obbligatorio, flg_testo_libero, id_gruppo, id_stato_pratica, id_tipo_allegato, id_tipo_processo)
VALUES(74, false, false, 2, 7, 6, 1);
INSERT INTO a_tipo_allegato_grup_stat_proc
(id, flg_obbligatorio, flg_testo_libero, id_gruppo, id_stato_pratica, id_tipo_allegato, id_tipo_processo)
VALUES(75, false, false, 2, 7, 7, 1);
INSERT INTO a_tipo_allegato_grup_stat_proc
(id, flg_obbligatorio, flg_testo_libero, id_gruppo, id_stato_pratica, id_tipo_allegato, id_tipo_processo)
VALUES(76, false, false, 2, 7, 8, 1);
INSERT INTO a_tipo_allegato_grup_stat_proc
(id, flg_obbligatorio, flg_testo_libero, id_gruppo, id_stato_pratica, id_tipo_allegato, id_tipo_processo)
VALUES(77, false, false, 2, 7, 9, 1);
INSERT INTO a_tipo_allegato_grup_stat_proc
(id, flg_obbligatorio, flg_testo_libero, id_gruppo, id_stato_pratica, id_tipo_allegato, id_tipo_processo)
VALUES(78, false, false, 2, 7, 10, 1);
INSERT INTO a_tipo_allegato_grup_stat_proc
(id, flg_obbligatorio, flg_testo_libero, id_gruppo, id_stato_pratica, id_tipo_allegato, id_tipo_processo)
VALUES(79, false, false, 2, 7, 11, 1);
INSERT INTO a_tipo_allegato_grup_stat_proc
(id, flg_obbligatorio, flg_testo_libero, id_gruppo, id_stato_pratica, id_tipo_allegato, id_tipo_processo)
VALUES(80, false, true, 2, 7, 12, 1);
INSERT INTO a_tipo_allegato_grup_stat_proc
(id, flg_obbligatorio, flg_testo_libero, id_gruppo, id_stato_pratica, id_tipo_allegato, id_tipo_processo)
VALUES(81, false, false, 4, 7, 1, 1);
INSERT INTO a_tipo_allegato_grup_stat_proc
(id, flg_obbligatorio, flg_testo_libero, id_gruppo, id_stato_pratica, id_tipo_allegato, id_tipo_processo)
VALUES(82, false, false, 4, 7, 2, 1);
INSERT INTO a_tipo_allegato_grup_stat_proc
(id, flg_obbligatorio, flg_testo_libero, id_gruppo, id_stato_pratica, id_tipo_allegato, id_tipo_processo)
VALUES(83, false, false, 4, 7, 3, 1);
INSERT INTO a_tipo_allegato_grup_stat_proc
(id, flg_obbligatorio, flg_testo_libero, id_gruppo, id_stato_pratica, id_tipo_allegato, id_tipo_processo)
VALUES(84, false, false, 4, 7, 4, 1);
INSERT INTO a_tipo_allegato_grup_stat_proc
(id, flg_obbligatorio, flg_testo_libero, id_gruppo, id_stato_pratica, id_tipo_allegato, id_tipo_processo)
VALUES(85, false, false, 4, 7, 5, 1);
INSERT INTO a_tipo_allegato_grup_stat_proc
(id, flg_obbligatorio, flg_testo_libero, id_gruppo, id_stato_pratica, id_tipo_allegato, id_tipo_processo)
VALUES(86, false, false, 4, 7, 6, 1);
INSERT INTO a_tipo_allegato_grup_stat_proc
(id, flg_obbligatorio, flg_testo_libero, id_gruppo, id_stato_pratica, id_tipo_allegato, id_tipo_processo)
VALUES(87, false, false, 4, 7, 7, 1);
INSERT INTO a_tipo_allegato_grup_stat_proc
(id, flg_obbligatorio, flg_testo_libero, id_gruppo, id_stato_pratica, id_tipo_allegato, id_tipo_processo)
VALUES(88, false, false, 4, 7, 8, 1);
INSERT INTO a_tipo_allegato_grup_stat_proc
(id, flg_obbligatorio, flg_testo_libero, id_gruppo, id_stato_pratica, id_tipo_allegato, id_tipo_processo)
VALUES(89, false, false, 4, 7, 9, 1);
INSERT INTO a_tipo_allegato_grup_stat_proc
(id, flg_obbligatorio, flg_testo_libero, id_gruppo, id_stato_pratica, id_tipo_allegato, id_tipo_processo)
VALUES(90, false, false, 4, 7, 10, 1);
INSERT INTO a_tipo_allegato_grup_stat_proc
(id, flg_obbligatorio, flg_testo_libero, id_gruppo, id_stato_pratica, id_tipo_allegato, id_tipo_processo)
VALUES(91, false, false, 4, 7, 11, 1);
INSERT INTO a_tipo_allegato_grup_stat_proc
(id, flg_obbligatorio, flg_testo_libero, id_gruppo, id_stato_pratica, id_tipo_allegato, id_tipo_processo)
VALUES(92, false, true, 4, 7, 12, 1);
INSERT INTO a_tipo_allegato_grup_stat_proc
(id, flg_obbligatorio, flg_testo_libero, id_gruppo, id_stato_pratica, id_tipo_allegato, id_tipo_processo)
VALUES(93, false, false, 2, 8, 20, 1);
INSERT INTO a_tipo_allegato_grup_stat_proc
(id, flg_obbligatorio, flg_testo_libero, id_gruppo, id_stato_pratica, id_tipo_allegato, id_tipo_processo)
VALUES(94, false, false, 4, 8, 20, 1);
INSERT INTO a_tipo_allegato_grup_stat_proc
(id, flg_obbligatorio, flg_testo_libero, id_gruppo, id_stato_pratica, id_tipo_allegato, id_tipo_processo)
VALUES(95, false, false, 2, 8, 21, 1);
INSERT INTO a_tipo_allegato_grup_stat_proc
(id, flg_obbligatorio, flg_testo_libero, id_gruppo, id_stato_pratica, id_tipo_allegato, id_tipo_processo)
VALUES(96, false, false, 4, 8, 21, 1);
INSERT INTO a_tipo_allegato_grup_stat_proc
(id, flg_obbligatorio, flg_testo_libero, id_gruppo, id_stato_pratica, id_tipo_allegato, id_tipo_processo)
VALUES(97, true, false, 20, 0, 1, 1);
INSERT INTO a_tipo_allegato_grup_stat_proc
(id, flg_obbligatorio, flg_testo_libero, id_gruppo, id_stato_pratica, id_tipo_allegato, id_tipo_processo)
VALUES(98, true, false, 20, 0, 2, 1);
INSERT INTO a_tipo_allegato_grup_stat_proc
(id, flg_obbligatorio, flg_testo_libero, id_gruppo, id_stato_pratica, id_tipo_allegato, id_tipo_processo)
VALUES(99, true, false, 20, 0, 3, 1);
INSERT INTO a_tipo_allegato_grup_stat_proc
(id, flg_obbligatorio, flg_testo_libero, id_gruppo, id_stato_pratica, id_tipo_allegato, id_tipo_processo)
VALUES(100, true, false, 20, 0, 4, 1);
INSERT INTO a_tipo_allegato_grup_stat_proc
(id, flg_obbligatorio, flg_testo_libero, id_gruppo, id_stato_pratica, id_tipo_allegato, id_tipo_processo)
VALUES(101, true, false, 20, 0, 5, 1);
INSERT INTO a_tipo_allegato_grup_stat_proc
(id, flg_obbligatorio, flg_testo_libero, id_gruppo, id_stato_pratica, id_tipo_allegato, id_tipo_processo)
VALUES(102, true, false, 20, 0, 6, 1);
INSERT INTO a_tipo_allegato_grup_stat_proc
(id, flg_obbligatorio, flg_testo_libero, id_gruppo, id_stato_pratica, id_tipo_allegato, id_tipo_processo)
VALUES(103, false, false, 20, 0, 7, 1);
INSERT INTO a_tipo_allegato_grup_stat_proc
(id, flg_obbligatorio, flg_testo_libero, id_gruppo, id_stato_pratica, id_tipo_allegato, id_tipo_processo)
VALUES(104, true, false, 20, 0, 8, 1);
INSERT INTO a_tipo_allegato_grup_stat_proc
(id, flg_obbligatorio, flg_testo_libero, id_gruppo, id_stato_pratica, id_tipo_allegato, id_tipo_processo)
VALUES(105, false, false, 20, 0, 9, 1);
INSERT INTO a_tipo_allegato_grup_stat_proc
(id, flg_obbligatorio, flg_testo_libero, id_gruppo, id_stato_pratica, id_tipo_allegato, id_tipo_processo)
VALUES(106, false, false, 20, 0, 10, 1);
INSERT INTO a_tipo_allegato_grup_stat_proc
(id, flg_obbligatorio, flg_testo_libero, id_gruppo, id_stato_pratica, id_tipo_allegato, id_tipo_processo)
VALUES(107, false, false, 20, 0, 11, 1);
INSERT INTO a_tipo_allegato_grup_stat_proc
(id, flg_obbligatorio, flg_testo_libero, id_gruppo, id_stato_pratica, id_tipo_allegato, id_tipo_processo)
VALUES(108, false, true, 20, 0, 12, 1);
INSERT INTO a_tipo_allegato_grup_stat_proc
(id, flg_obbligatorio, flg_testo_libero, id_gruppo, id_stato_pratica, id_tipo_allegato, id_tipo_processo)
VALUES(109, true, false, 2, 0, 22, 2);
INSERT INTO a_tipo_allegato_grup_stat_proc
(id, flg_obbligatorio, flg_testo_libero, id_gruppo, id_stato_pratica, id_tipo_allegato, id_tipo_processo)
VALUES(110, true, false, 2, 0, 5, 2);
INSERT INTO a_tipo_allegato_grup_stat_proc
(id, flg_obbligatorio, flg_testo_libero, id_gruppo, id_stato_pratica, id_tipo_allegato, id_tipo_processo)
VALUES(111, true, false, 2, 0, 6, 2);
INSERT INTO a_tipo_allegato_grup_stat_proc
(id, flg_obbligatorio, flg_testo_libero, id_gruppo, id_stato_pratica, id_tipo_allegato, id_tipo_processo)
VALUES(112, true, false, 2, 0, 23, 2);
INSERT INTO a_tipo_allegato_grup_stat_proc
(id, flg_obbligatorio, flg_testo_libero, id_gruppo, id_stato_pratica, id_tipo_allegato, id_tipo_processo)
VALUES(113, false, false, 2, 0, 10, 2);
INSERT INTO a_tipo_allegato_grup_stat_proc
(id, flg_obbligatorio, flg_testo_libero, id_gruppo, id_stato_pratica, id_tipo_allegato, id_tipo_processo)
VALUES(114, false, false, 2, 0, 24, 2);
INSERT INTO a_tipo_allegato_grup_stat_proc
(id, flg_obbligatorio, flg_testo_libero, id_gruppo, id_stato_pratica, id_tipo_allegato, id_tipo_processo)
VALUES(115, false, true, 2, 0, 12, 2);

INSERT INTO a_tipo_allegato_grup_stat_proc
(id, flg_obbligatorio, flg_testo_libero, id_gruppo, id_stato_pratica, id_tipo_allegato, id_tipo_processo)
VALUES(116, true, false, 4, 0, 22, 2);
INSERT INTO a_tipo_allegato_grup_stat_proc
(id, flg_obbligatorio, flg_testo_libero, id_gruppo, id_stato_pratica, id_tipo_allegato, id_tipo_processo)
VALUES(117, true, false, 4, 0, 5, 2);
INSERT INTO a_tipo_allegato_grup_stat_proc
(id, flg_obbligatorio, flg_testo_libero, id_gruppo, id_stato_pratica, id_tipo_allegato, id_tipo_processo)
VALUES(118, true, false, 4, 0, 6, 2);
INSERT INTO a_tipo_allegato_grup_stat_proc
(id, flg_obbligatorio, flg_testo_libero, id_gruppo, id_stato_pratica, id_tipo_allegato, id_tipo_processo)
VALUES(119, true, false, 4, 0, 23, 2);
INSERT INTO a_tipo_allegato_grup_stat_proc
(id, flg_obbligatorio, flg_testo_libero, id_gruppo, id_stato_pratica, id_tipo_allegato, id_tipo_processo)
VALUES(120, false, false, 4, 0, 10, 2);
INSERT INTO a_tipo_allegato_grup_stat_proc
(id, flg_obbligatorio, flg_testo_libero, id_gruppo, id_stato_pratica, id_tipo_allegato, id_tipo_processo)
VALUES(121, false, false, 4, 0, 24, 2);
INSERT INTO a_tipo_allegato_grup_stat_proc
(id, flg_obbligatorio, flg_testo_libero, id_gruppo, id_stato_pratica, id_tipo_allegato, id_tipo_processo)
VALUES(122, false, true, 4, 0, 12, 2);

INSERT INTO a_tipo_allegato_grup_stat_proc
(id, flg_obbligatorio, flg_testo_libero, id_gruppo, id_stato_pratica, id_tipo_allegato, id_tipo_processo)
VALUES(123, true, false, 20, 0, 22, 2);
INSERT INTO a_tipo_allegato_grup_stat_proc
(id, flg_obbligatorio, flg_testo_libero, id_gruppo, id_stato_pratica, id_tipo_allegato, id_tipo_processo)
VALUES(124, true, false, 20, 0, 5, 2);
INSERT INTO a_tipo_allegato_grup_stat_proc
(id, flg_obbligatorio, flg_testo_libero, id_gruppo, id_stato_pratica, id_tipo_allegato, id_tipo_processo)
VALUES(125, true, false, 20, 0, 6, 2);
INSERT INTO a_tipo_allegato_grup_stat_proc
(id, flg_obbligatorio, flg_testo_libero, id_gruppo, id_stato_pratica, id_tipo_allegato, id_tipo_processo)
VALUES(126, true, false, 20, 0, 23, 2);
INSERT INTO a_tipo_allegato_grup_stat_proc
(id, flg_obbligatorio, flg_testo_libero, id_gruppo, id_stato_pratica, id_tipo_allegato, id_tipo_processo)
VALUES(127, false, false, 20, 0, 10, 2);
INSERT INTO a_tipo_allegato_grup_stat_proc
(id, flg_obbligatorio, flg_testo_libero, id_gruppo, id_stato_pratica, id_tipo_allegato, id_tipo_processo)
VALUES(128, false, false, 20, 0, 24, 2);
INSERT INTO a_tipo_allegato_grup_stat_proc
(id, flg_obbligatorio, flg_testo_libero, id_gruppo, id_stato_pratica, id_tipo_allegato, id_tipo_processo)
VALUES(129, false, true, 20, 0, 12, 2);

INSERT INTO a_tipo_allegato_grup_stat_proc
(id, flg_obbligatorio, flg_testo_libero, id_gruppo, id_stato_pratica, id_tipo_allegato, id_tipo_processo)
VALUES(130, true, false, 5, 3, 13, 2);
INSERT INTO a_tipo_allegato_grup_stat_proc
(id, flg_obbligatorio, flg_testo_libero, id_gruppo, id_stato_pratica, id_tipo_allegato, id_tipo_processo)
VALUES(131, false, false, 5, 3, 15, 2);
INSERT INTO a_tipo_allegato_grup_stat_proc
(id, flg_obbligatorio, flg_testo_libero, id_gruppo, id_stato_pratica, id_tipo_allegato, id_tipo_processo)
VALUES(132, true, false, 7, 3, 14, 2);
INSERT INTO a_tipo_allegato_grup_stat_proc
(id, flg_obbligatorio, flg_testo_libero, id_gruppo, id_stato_pratica, id_tipo_allegato, id_tipo_processo)
VALUES(133, false, false, 7, 3, 15, 2);
INSERT INTO a_tipo_allegato_grup_stat_proc
(id, flg_obbligatorio, flg_testo_libero, id_gruppo, id_stato_pratica, id_tipo_allegato, id_tipo_processo)
VALUES(134, true, false, 18, 3, 14, 2);
INSERT INTO a_tipo_allegato_grup_stat_proc
(id, flg_obbligatorio, flg_testo_libero, id_gruppo, id_stato_pratica, id_tipo_allegato, id_tipo_processo)
VALUES(135, false, false, 18, 3, 15, 2);
INSERT INTO a_tipo_allegato_grup_stat_proc
(id, flg_obbligatorio, flg_testo_libero, id_gruppo, id_stato_pratica, id_tipo_allegato, id_tipo_processo)
VALUES(136, true, false, 15, 3, 14, 2);
INSERT INTO a_tipo_allegato_grup_stat_proc
(id, flg_obbligatorio, flg_testo_libero, id_gruppo, id_stato_pratica, id_tipo_allegato, id_tipo_processo)
VALUES(137, false, false, 15, 3, 15, 2);
INSERT INTO a_tipo_allegato_grup_stat_proc
(id, flg_obbligatorio, flg_testo_libero, id_gruppo, id_stato_pratica, id_tipo_allegato, id_tipo_processo)
VALUES(138, true, false, 16, 3, 14, 2);
INSERT INTO a_tipo_allegato_grup_stat_proc
(id, flg_obbligatorio, flg_testo_libero, id_gruppo, id_stato_pratica, id_tipo_allegato, id_tipo_processo)
VALUES(139, false, false, 16, 3, 15, 2);
INSERT INTO a_tipo_allegato_grup_stat_proc
(id, flg_obbligatorio, flg_testo_libero, id_gruppo, id_stato_pratica, id_tipo_allegato, id_tipo_processo)
VALUES(140, true, false, 14, 3, 14, 2);
INSERT INTO a_tipo_allegato_grup_stat_proc
(id, flg_obbligatorio, flg_testo_libero, id_gruppo, id_stato_pratica, id_tipo_allegato, id_tipo_processo)
VALUES(141, false, false, 14, 3, 15, 2);
INSERT INTO a_tipo_allegato_grup_stat_proc
(id, flg_obbligatorio, flg_testo_libero, id_gruppo, id_stato_pratica, id_tipo_allegato, id_tipo_processo)
VALUES(142, true, false, 17, 3, 14, 2);
INSERT INTO a_tipo_allegato_grup_stat_proc
(id, flg_obbligatorio, flg_testo_libero, id_gruppo, id_stato_pratica, id_tipo_allegato, id_tipo_processo)
VALUES(143, false, false, 17, 3, 15, 2);
INSERT INTO a_tipo_allegato_grup_stat_proc
(id, flg_obbligatorio, flg_testo_libero, id_gruppo, id_stato_pratica, id_tipo_allegato, id_tipo_processo)
VALUES(144, true, false, 4, 6, 32, 2);
INSERT INTO a_tipo_allegato_grup_stat_proc
(id, flg_obbligatorio, flg_testo_libero, id_gruppo, id_stato_pratica, id_tipo_allegato, id_tipo_processo)
VALUES(145, true, false, 2, 8, 17, 2);
INSERT INTO a_tipo_allegato_grup_stat_proc
(id, flg_obbligatorio, flg_testo_libero, id_gruppo, id_stato_pratica, id_tipo_allegato, id_tipo_processo)
VALUES(146, true, false, 4, 8, 17, 2);
INSERT INTO a_tipo_allegato_grup_stat_proc
(id, flg_obbligatorio, flg_testo_libero, id_gruppo, id_stato_pratica, id_tipo_allegato, id_tipo_processo)
VALUES(147, true, false, 2, 8, 18, 2);
INSERT INTO a_tipo_allegato_grup_stat_proc
(id, flg_obbligatorio, flg_testo_libero, id_gruppo, id_stato_pratica, id_tipo_allegato, id_tipo_processo)
VALUES(148, true, false, 4, 8, 18, 2);
INSERT INTO a_tipo_allegato_grup_stat_proc
(id, flg_obbligatorio, flg_testo_libero, id_gruppo, id_stato_pratica, id_tipo_allegato, id_tipo_processo)
VALUES(149, true, false, 4, 5, 19, 2);
INSERT INTO a_tipo_allegato_grup_stat_proc
(id, flg_obbligatorio, flg_testo_libero, id_gruppo, id_stato_pratica, id_tipo_allegato, id_tipo_processo)
VALUES(150, false, false, 2, 4, 1, 2);
INSERT INTO a_tipo_allegato_grup_stat_proc
(id, flg_obbligatorio, flg_testo_libero, id_gruppo, id_stato_pratica, id_tipo_allegato, id_tipo_processo)
VALUES(151, false, false, 2, 4, 2, 2);
INSERT INTO a_tipo_allegato_grup_stat_proc
(id, flg_obbligatorio, flg_testo_libero, id_gruppo, id_stato_pratica, id_tipo_allegato, id_tipo_processo)
VALUES(152, false, false, 2, 4, 3, 2);
INSERT INTO a_tipo_allegato_grup_stat_proc
(id, flg_obbligatorio, flg_testo_libero, id_gruppo, id_stato_pratica, id_tipo_allegato, id_tipo_processo)
VALUES(153, false, false, 2, 4, 4, 2);
INSERT INTO a_tipo_allegato_grup_stat_proc
(id, flg_obbligatorio, flg_testo_libero, id_gruppo, id_stato_pratica, id_tipo_allegato, id_tipo_processo)
VALUES(154, false, false, 2, 4, 5, 2);
INSERT INTO a_tipo_allegato_grup_stat_proc
(id, flg_obbligatorio, flg_testo_libero, id_gruppo, id_stato_pratica, id_tipo_allegato, id_tipo_processo)
VALUES(155, false, false, 2, 4, 6, 2);
INSERT INTO a_tipo_allegato_grup_stat_proc
(id, flg_obbligatorio, flg_testo_libero, id_gruppo, id_stato_pratica, id_tipo_allegato, id_tipo_processo)
VALUES(156, false, false, 2, 4, 7, 2);
INSERT INTO a_tipo_allegato_grup_stat_proc
(id, flg_obbligatorio, flg_testo_libero, id_gruppo, id_stato_pratica, id_tipo_allegato, id_tipo_processo)
VALUES(157, false, false, 2, 4, 8, 2);
INSERT INTO a_tipo_allegato_grup_stat_proc
(id, flg_obbligatorio, flg_testo_libero, id_gruppo, id_stato_pratica, id_tipo_allegato, id_tipo_processo)
VALUES(158, false, false, 2, 4, 9, 2);
INSERT INTO a_tipo_allegato_grup_stat_proc
(id, flg_obbligatorio, flg_testo_libero, id_gruppo, id_stato_pratica, id_tipo_allegato, id_tipo_processo)
VALUES(159, false, false, 2, 4, 10, 2);
INSERT INTO a_tipo_allegato_grup_stat_proc
(id, flg_obbligatorio, flg_testo_libero, id_gruppo, id_stato_pratica, id_tipo_allegato, id_tipo_processo)
VALUES(160, false, false, 2, 4, 11, 2);
INSERT INTO a_tipo_allegato_grup_stat_proc
(id, flg_obbligatorio, flg_testo_libero, id_gruppo, id_stato_pratica, id_tipo_allegato, id_tipo_processo)
VALUES(161, false, true, 2, 4, 12, 2);
INSERT INTO a_tipo_allegato_grup_stat_proc
(id, flg_obbligatorio, flg_testo_libero, id_gruppo, id_stato_pratica, id_tipo_allegato, id_tipo_processo)
VALUES(162, false, false, 4, 4, 1, 2);
INSERT INTO a_tipo_allegato_grup_stat_proc
(id, flg_obbligatorio, flg_testo_libero, id_gruppo, id_stato_pratica, id_tipo_allegato, id_tipo_processo)
VALUES(163, false, false, 4, 4, 2, 2);
INSERT INTO a_tipo_allegato_grup_stat_proc
(id, flg_obbligatorio, flg_testo_libero, id_gruppo, id_stato_pratica, id_tipo_allegato, id_tipo_processo)
VALUES(164, false, false, 4, 4, 3, 2);
INSERT INTO a_tipo_allegato_grup_stat_proc
(id, flg_obbligatorio, flg_testo_libero, id_gruppo, id_stato_pratica, id_tipo_allegato, id_tipo_processo)
VALUES(165, false, false, 4, 4, 4, 2);
INSERT INTO a_tipo_allegato_grup_stat_proc
(id, flg_obbligatorio, flg_testo_libero, id_gruppo, id_stato_pratica, id_tipo_allegato, id_tipo_processo)
VALUES(166, false, false, 4, 4, 5, 2);
INSERT INTO a_tipo_allegato_grup_stat_proc
(id, flg_obbligatorio, flg_testo_libero, id_gruppo, id_stato_pratica, id_tipo_allegato, id_tipo_processo)
VALUES(167, false, false, 4, 4, 6, 2);
INSERT INTO a_tipo_allegato_grup_stat_proc
(id, flg_obbligatorio, flg_testo_libero, id_gruppo, id_stato_pratica, id_tipo_allegato, id_tipo_processo)
VALUES(168, false, false, 4, 4, 7, 2);
INSERT INTO a_tipo_allegato_grup_stat_proc
(id, flg_obbligatorio, flg_testo_libero, id_gruppo, id_stato_pratica, id_tipo_allegato, id_tipo_processo)
VALUES(169, false, false, 4, 4, 8, 2);
INSERT INTO a_tipo_allegato_grup_stat_proc
(id, flg_obbligatorio, flg_testo_libero, id_gruppo, id_stato_pratica, id_tipo_allegato, id_tipo_processo)
VALUES(170, false, false, 4, 4, 9, 2);
INSERT INTO a_tipo_allegato_grup_stat_proc
(id, flg_obbligatorio, flg_testo_libero, id_gruppo, id_stato_pratica, id_tipo_allegato, id_tipo_processo)
VALUES(171, false, false, 4, 4, 10, 2);
INSERT INTO a_tipo_allegato_grup_stat_proc
(id, flg_obbligatorio, flg_testo_libero, id_gruppo, id_stato_pratica, id_tipo_allegato, id_tipo_processo)
VALUES(172, false, false, 4, 4, 11, 2);
INSERT INTO a_tipo_allegato_grup_stat_proc
(id, flg_obbligatorio, flg_testo_libero, id_gruppo, id_stato_pratica, id_tipo_allegato, id_tipo_processo)
VALUES(173, false, true, 4, 4, 12, 2);
INSERT INTO a_tipo_allegato_grup_stat_proc
(id, flg_obbligatorio, flg_testo_libero, id_gruppo, id_stato_pratica, id_tipo_allegato, id_tipo_processo)
VALUES(174, false, false, 2, 7, 1, 2);
INSERT INTO a_tipo_allegato_grup_stat_proc
(id, flg_obbligatorio, flg_testo_libero, id_gruppo, id_stato_pratica, id_tipo_allegato, id_tipo_processo)
VALUES(175, false, false, 2, 7, 2, 2);
INSERT INTO a_tipo_allegato_grup_stat_proc
(id, flg_obbligatorio, flg_testo_libero, id_gruppo, id_stato_pratica, id_tipo_allegato, id_tipo_processo)
VALUES(176, false, false, 2, 7, 3, 2);
INSERT INTO a_tipo_allegato_grup_stat_proc
(id, flg_obbligatorio, flg_testo_libero, id_gruppo, id_stato_pratica, id_tipo_allegato, id_tipo_processo)
VALUES(177, false, false, 2, 7, 4, 2);
INSERT INTO a_tipo_allegato_grup_stat_proc
(id, flg_obbligatorio, flg_testo_libero, id_gruppo, id_stato_pratica, id_tipo_allegato, id_tipo_processo)
VALUES(178, false, false, 2, 7, 5, 2);
INSERT INTO a_tipo_allegato_grup_stat_proc
(id, flg_obbligatorio, flg_testo_libero, id_gruppo, id_stato_pratica, id_tipo_allegato, id_tipo_processo)
VALUES(179, false, false, 2, 7, 6, 2);
INSERT INTO a_tipo_allegato_grup_stat_proc
(id, flg_obbligatorio, flg_testo_libero, id_gruppo, id_stato_pratica, id_tipo_allegato, id_tipo_processo)
VALUES(180, false, false, 2, 7, 7, 2);
INSERT INTO a_tipo_allegato_grup_stat_proc
(id, flg_obbligatorio, flg_testo_libero, id_gruppo, id_stato_pratica, id_tipo_allegato, id_tipo_processo)
VALUES(181, false, false, 2, 7, 8, 2);
INSERT INTO a_tipo_allegato_grup_stat_proc
(id, flg_obbligatorio, flg_testo_libero, id_gruppo, id_stato_pratica, id_tipo_allegato, id_tipo_processo)
VALUES(182, false, false, 2, 7, 9, 2);
INSERT INTO a_tipo_allegato_grup_stat_proc
(id, flg_obbligatorio, flg_testo_libero, id_gruppo, id_stato_pratica, id_tipo_allegato, id_tipo_processo)
VALUES(183, false, false, 2, 7, 10, 2);
INSERT INTO a_tipo_allegato_grup_stat_proc
(id, flg_obbligatorio, flg_testo_libero, id_gruppo, id_stato_pratica, id_tipo_allegato, id_tipo_processo)
VALUES(184, false, false, 2, 7, 11, 2);
INSERT INTO a_tipo_allegato_grup_stat_proc
(id, flg_obbligatorio, flg_testo_libero, id_gruppo, id_stato_pratica, id_tipo_allegato, id_tipo_processo)
VALUES(185, false, true, 2, 7, 12, 2);
INSERT INTO a_tipo_allegato_grup_stat_proc
(id, flg_obbligatorio, flg_testo_libero, id_gruppo, id_stato_pratica, id_tipo_allegato, id_tipo_processo)
VALUES(186, false, false, 4, 7, 1, 2);
INSERT INTO a_tipo_allegato_grup_stat_proc
(id, flg_obbligatorio, flg_testo_libero, id_gruppo, id_stato_pratica, id_tipo_allegato, id_tipo_processo)
VALUES(187, false, false, 4, 7, 2, 2);
INSERT INTO a_tipo_allegato_grup_stat_proc
(id, flg_obbligatorio, flg_testo_libero, id_gruppo, id_stato_pratica, id_tipo_allegato, id_tipo_processo)
VALUES(188, false, false, 4, 7, 3, 2);
INSERT INTO a_tipo_allegato_grup_stat_proc
(id, flg_obbligatorio, flg_testo_libero, id_gruppo, id_stato_pratica, id_tipo_allegato, id_tipo_processo)
VALUES(189, false, false, 4, 7, 4, 2);
INSERT INTO a_tipo_allegato_grup_stat_proc
(id, flg_obbligatorio, flg_testo_libero, id_gruppo, id_stato_pratica, id_tipo_allegato, id_tipo_processo)
VALUES(190, false, false, 4, 7, 5, 2);
INSERT INTO a_tipo_allegato_grup_stat_proc
(id, flg_obbligatorio, flg_testo_libero, id_gruppo, id_stato_pratica, id_tipo_allegato, id_tipo_processo)
VALUES(191, false, false, 4, 7, 6, 2);
INSERT INTO a_tipo_allegato_grup_stat_proc
(id, flg_obbligatorio, flg_testo_libero, id_gruppo, id_stato_pratica, id_tipo_allegato, id_tipo_processo)
VALUES(192, false, false, 4, 7, 7, 2);
INSERT INTO a_tipo_allegato_grup_stat_proc
(id, flg_obbligatorio, flg_testo_libero, id_gruppo, id_stato_pratica, id_tipo_allegato, id_tipo_processo)
VALUES(193, false, false, 4, 7, 8, 2);
INSERT INTO a_tipo_allegato_grup_stat_proc
(id, flg_obbligatorio, flg_testo_libero, id_gruppo, id_stato_pratica, id_tipo_allegato, id_tipo_processo)
VALUES(194, false, false, 4, 7, 9, 2);
INSERT INTO a_tipo_allegato_grup_stat_proc
(id, flg_obbligatorio, flg_testo_libero, id_gruppo, id_stato_pratica, id_tipo_allegato, id_tipo_processo)
VALUES(195, false, false, 4, 7, 10, 2);
INSERT INTO a_tipo_allegato_grup_stat_proc
(id, flg_obbligatorio, flg_testo_libero, id_gruppo, id_stato_pratica, id_tipo_allegato, id_tipo_processo)
VALUES(196, false, false, 4, 7, 11, 2);
INSERT INTO a_tipo_allegato_grup_stat_proc
(id, flg_obbligatorio, flg_testo_libero, id_gruppo, id_stato_pratica, id_tipo_allegato, id_tipo_processo)
VALUES(197, false, true, 4, 7, 12, 2);
INSERT INTO a_tipo_allegato_grup_stat_proc
(id, flg_obbligatorio, flg_testo_libero, id_gruppo, id_stato_pratica, id_tipo_allegato, id_tipo_processo)
VALUES(198, false, false, 2, 8, 20, 2);
INSERT INTO a_tipo_allegato_grup_stat_proc
(id, flg_obbligatorio, flg_testo_libero, id_gruppo, id_stato_pratica, id_tipo_allegato, id_tipo_processo)
VALUES(199, false, false, 4, 8, 20, 2);
INSERT INTO a_tipo_allegato_grup_stat_proc
(id, flg_obbligatorio, flg_testo_libero, id_gruppo, id_stato_pratica, id_tipo_allegato, id_tipo_processo)
VALUES(200, false, false, 2, 8, 21, 2);
INSERT INTO a_tipo_allegato_grup_stat_proc
(id, flg_obbligatorio, flg_testo_libero, id_gruppo, id_stato_pratica, id_tipo_allegato, id_tipo_processo)
VALUES(201, false, false, 4, 8, 21, 2);
INSERT INTO a_tipo_allegato_grup_stat_proc
(id, flg_obbligatorio, flg_testo_libero, id_gruppo, id_stato_pratica, id_tipo_allegato, id_tipo_processo)
VALUES(202, true, false, 2, 0, 5, 3);
INSERT INTO a_tipo_allegato_grup_stat_proc
(id, flg_obbligatorio, flg_testo_libero, id_gruppo, id_stato_pratica, id_tipo_allegato, id_tipo_processo)
VALUES(203, false, false, 2, 0, 25, 3);
INSERT INTO a_tipo_allegato_grup_stat_proc
(id, flg_obbligatorio, flg_testo_libero, id_gruppo, id_stato_pratica, id_tipo_allegato, id_tipo_processo)
VALUES(204, false, false, 2, 0, 26, 3);
INSERT INTO a_tipo_allegato_grup_stat_proc
(id, flg_obbligatorio, flg_testo_libero, id_gruppo, id_stato_pratica, id_tipo_allegato, id_tipo_processo)
VALUES(205, false, false, 2, 0, 8, 3);
INSERT INTO a_tipo_allegato_grup_stat_proc
(id, flg_obbligatorio, flg_testo_libero, id_gruppo, id_stato_pratica, id_tipo_allegato, id_tipo_processo)
VALUES(206, false, false, 2, 0, 10, 3);
INSERT INTO a_tipo_allegato_grup_stat_proc
(id, flg_obbligatorio, flg_testo_libero, id_gruppo, id_stato_pratica, id_tipo_allegato, id_tipo_processo)
VALUES(207, false, true, 2, 0, 12, 3);
INSERT INTO a_tipo_allegato_grup_stat_proc
(id, flg_obbligatorio, flg_testo_libero, id_gruppo, id_stato_pratica, id_tipo_allegato, id_tipo_processo)
VALUES(208, true, false, 4, 0, 5, 3);
INSERT INTO a_tipo_allegato_grup_stat_proc
(id, flg_obbligatorio, flg_testo_libero, id_gruppo, id_stato_pratica, id_tipo_allegato, id_tipo_processo)
VALUES(209, false, false, 4, 0, 25, 3);
INSERT INTO a_tipo_allegato_grup_stat_proc
(id, flg_obbligatorio, flg_testo_libero, id_gruppo, id_stato_pratica, id_tipo_allegato, id_tipo_processo)
VALUES(210, false, false, 4, 0, 26, 3);
INSERT INTO a_tipo_allegato_grup_stat_proc
(id, flg_obbligatorio, flg_testo_libero, id_gruppo, id_stato_pratica, id_tipo_allegato, id_tipo_processo)
VALUES(211, false, false, 4, 0, 8, 3);
INSERT INTO a_tipo_allegato_grup_stat_proc
(id, flg_obbligatorio, flg_testo_libero, id_gruppo, id_stato_pratica, id_tipo_allegato, id_tipo_processo)
VALUES(212, false, false, 4, 0, 10, 3);
INSERT INTO a_tipo_allegato_grup_stat_proc
(id, flg_obbligatorio, flg_testo_libero, id_gruppo, id_stato_pratica, id_tipo_allegato, id_tipo_processo)
VALUES(213, false, true, 4, 0, 12, 3);
INSERT INTO a_tipo_allegato_grup_stat_proc
(id, flg_obbligatorio, flg_testo_libero, id_gruppo, id_stato_pratica, id_tipo_allegato, id_tipo_processo)
VALUES(214, true, false, 20, 0, 5, 3);
INSERT INTO a_tipo_allegato_grup_stat_proc
(id, flg_obbligatorio, flg_testo_libero, id_gruppo, id_stato_pratica, id_tipo_allegato, id_tipo_processo)
VALUES(215, false, false, 20, 0, 25, 3);
INSERT INTO a_tipo_allegato_grup_stat_proc
(id, flg_obbligatorio, flg_testo_libero, id_gruppo, id_stato_pratica, id_tipo_allegato, id_tipo_processo)
VALUES(216, false, false, 20, 0, 26, 3);
INSERT INTO a_tipo_allegato_grup_stat_proc
(id, flg_obbligatorio, flg_testo_libero, id_gruppo, id_stato_pratica, id_tipo_allegato, id_tipo_processo)
VALUES(217, false, false, 20, 0, 8, 3);
INSERT INTO a_tipo_allegato_grup_stat_proc
(id, flg_obbligatorio, flg_testo_libero, id_gruppo, id_stato_pratica, id_tipo_allegato, id_tipo_processo)
VALUES(218, false, false, 20, 0, 10, 3);
INSERT INTO a_tipo_allegato_grup_stat_proc
(id, flg_obbligatorio, flg_testo_libero, id_gruppo, id_stato_pratica, id_tipo_allegato, id_tipo_processo)
VALUES(219, false, true, 20, 0, 12, 3);
INSERT INTO a_tipo_allegato_grup_stat_proc
(id, flg_obbligatorio, flg_testo_libero, id_gruppo, id_stato_pratica, id_tipo_allegato, id_tipo_processo)
VALUES(220, true, false, 2, 4, 5, 3);
INSERT INTO a_tipo_allegato_grup_stat_proc
(id, flg_obbligatorio, flg_testo_libero, id_gruppo, id_stato_pratica, id_tipo_allegato, id_tipo_processo)
VALUES(221, false, false, 2, 4, 25, 3);
INSERT INTO a_tipo_allegato_grup_stat_proc
(id, flg_obbligatorio, flg_testo_libero, id_gruppo, id_stato_pratica, id_tipo_allegato, id_tipo_processo)
VALUES(222, false, false, 2, 4, 26, 3);
INSERT INTO a_tipo_allegato_grup_stat_proc
(id, flg_obbligatorio, flg_testo_libero, id_gruppo, id_stato_pratica, id_tipo_allegato, id_tipo_processo)
VALUES(223, false, false, 2, 4, 8, 3);
INSERT INTO a_tipo_allegato_grup_stat_proc
(id, flg_obbligatorio, flg_testo_libero, id_gruppo, id_stato_pratica, id_tipo_allegato, id_tipo_processo)
VALUES(224, false, false, 2, 4, 10, 3);
INSERT INTO a_tipo_allegato_grup_stat_proc
(id, flg_obbligatorio, flg_testo_libero, id_gruppo, id_stato_pratica, id_tipo_allegato, id_tipo_processo)
VALUES(225, false, true, 2, 4, 12, 3);
INSERT INTO a_tipo_allegato_grup_stat_proc
(id, flg_obbligatorio, flg_testo_libero, id_gruppo, id_stato_pratica, id_tipo_allegato, id_tipo_processo)
VALUES(226, true, false, 4, 4, 5, 3);
INSERT INTO a_tipo_allegato_grup_stat_proc
(id, flg_obbligatorio, flg_testo_libero, id_gruppo, id_stato_pratica, id_tipo_allegato, id_tipo_processo)
VALUES(227, false, false, 4, 4, 25, 3);
INSERT INTO a_tipo_allegato_grup_stat_proc
(id, flg_obbligatorio, flg_testo_libero, id_gruppo, id_stato_pratica, id_tipo_allegato, id_tipo_processo)
VALUES(228, false, false, 4, 4, 26, 3);
INSERT INTO a_tipo_allegato_grup_stat_proc
(id, flg_obbligatorio, flg_testo_libero, id_gruppo, id_stato_pratica, id_tipo_allegato, id_tipo_processo)
VALUES(229, false, false, 4, 4, 8, 3);
INSERT INTO a_tipo_allegato_grup_stat_proc
(id, flg_obbligatorio, flg_testo_libero, id_gruppo, id_stato_pratica, id_tipo_allegato, id_tipo_processo)
VALUES(230, false, false, 4, 4, 10, 3);
INSERT INTO a_tipo_allegato_grup_stat_proc
(id, flg_obbligatorio, flg_testo_libero, id_gruppo, id_stato_pratica, id_tipo_allegato, id_tipo_processo)
VALUES(231, false, true, 4, 4, 12, 3);
INSERT INTO a_tipo_allegato_grup_stat_proc
(id, flg_obbligatorio, flg_testo_libero, id_gruppo, id_stato_pratica, id_tipo_allegato, id_tipo_processo)
VALUES(232, true, false, 4, 6, 27, 3);
INSERT INTO a_tipo_allegato_grup_stat_proc
(id, flg_obbligatorio, flg_testo_libero, id_gruppo, id_stato_pratica, id_tipo_allegato, id_tipo_processo)
VALUES(233, true, false, 5, 26, 13, 3);
INSERT INTO a_tipo_allegato_grup_stat_proc
(id, flg_obbligatorio, flg_testo_libero, id_gruppo, id_stato_pratica, id_tipo_allegato, id_tipo_processo)
VALUES(234, true, false, 4, 8, 28, 4);
INSERT INTO a_tipo_allegato_grup_stat_proc
(id, flg_obbligatorio, flg_testo_libero, id_gruppo, id_stato_pratica, id_tipo_allegato, id_tipo_processo)
VALUES(235, true, false, 4, 9, 28, 4);
INSERT INTO a_tipo_allegato_grup_stat_proc
(id, flg_obbligatorio, flg_testo_libero, id_gruppo, id_stato_pratica, id_tipo_allegato, id_tipo_processo)
VALUES(236, true, false, 4, 10, 28, 4);
INSERT INTO a_tipo_allegato_grup_stat_proc
(id, flg_obbligatorio, flg_testo_libero, id_gruppo, id_stato_pratica, id_tipo_allegato, id_tipo_processo)
VALUES(237, true, false, 3, 10, 29, 5);
INSERT INTO a_tipo_allegato_grup_stat_proc
(id, flg_obbligatorio, flg_testo_libero, id_gruppo, id_stato_pratica, id_tipo_allegato, id_tipo_processo)
VALUES(238, true, false, 4, 10, 29, 5);
INSERT INTO a_tipo_allegato_grup_stat_proc
(id, flg_obbligatorio, flg_testo_libero, id_gruppo, id_stato_pratica, id_tipo_allegato, id_tipo_processo)
VALUES(239, true, false, 3, 10, 30, 6);
INSERT INTO a_tipo_allegato_grup_stat_proc
(id, flg_obbligatorio, flg_testo_libero, id_gruppo, id_stato_pratica, id_tipo_allegato, id_tipo_processo)
VALUES(240, true, false, 4, 10, 30, 6);
INSERT INTO a_tipo_allegato_grup_stat_proc
(id, flg_obbligatorio, flg_testo_libero, id_gruppo, id_stato_pratica, id_tipo_allegato, id_tipo_processo)
VALUES(241, true, false, 3, 10, 31, 7);
INSERT INTO a_tipo_allegato_grup_stat_proc
(id, flg_obbligatorio, flg_testo_libero, id_gruppo, id_stato_pratica, id_tipo_allegato, id_tipo_processo)
VALUES(242, true, false, 4, 10, 31, 7);
INSERT INTO a_tipo_allegato_grup_stat_proc
(id, flg_obbligatorio, flg_testo_libero, id_gruppo, id_stato_pratica, id_tipo_allegato, id_tipo_processo)
VALUES(243, true, false, 5, 21, 13, 1);
INSERT INTO a_tipo_allegato_grup_stat_proc
(id, flg_obbligatorio, flg_testo_libero, id_gruppo, id_stato_pratica, id_tipo_allegato, id_tipo_processo)
VALUES(244, true, false, 5, 22, 13, 1);
INSERT INTO a_tipo_allegato_grup_stat_proc
(id, flg_obbligatorio, flg_testo_libero, id_gruppo, id_stato_pratica, id_tipo_allegato, id_tipo_processo)
VALUES(245, true, false, 5, 23, 13, 1);
INSERT INTO a_tipo_allegato_grup_stat_proc
(id, flg_obbligatorio, flg_testo_libero, id_gruppo, id_stato_pratica, id_tipo_allegato, id_tipo_processo)
VALUES(246, true, false, 5, 21, 13, 2);
INSERT INTO a_tipo_allegato_grup_stat_proc
(id, flg_obbligatorio, flg_testo_libero, id_gruppo, id_stato_pratica, id_tipo_allegato, id_tipo_processo)
VALUES(247, true, false, 5, 22, 13, 2);
INSERT INTO a_tipo_allegato_grup_stat_proc
(id, flg_obbligatorio, flg_testo_libero, id_gruppo, id_stato_pratica, id_tipo_allegato, id_tipo_processo)
VALUES(248, true, false, 5, 23, 13, 2);
--nuovi
--Operatore Sportello 2
insert
	into
	public.a_tipo_allegato_grup_stat_proc
(
	id,
	flg_obbligatorio,
	flg_testo_libero,
	id_gruppo,
	id_stato_pratica,
	id_tipo_allegato,
	id_tipo_processo)
values(
	249,
	false,
	false,
	2,
--operatore sportello
	4,
--Necessaria integrazione
	33,
--Dichiarazione esenzione marca da bollo
	1
);

insert
	into
	public.a_tipo_allegato_grup_stat_proc
(
	id,
	flg_obbligatorio,
	flg_testo_libero,
	id_gruppo,
	id_stato_pratica,
	id_tipo_allegato,
	id_tipo_processo)
values(
	250,
	false,
	false,
	2,
--operatore sportello
	4,
--Necessaria integrazione
	33,
--Dichiarazione esenzione marca da bollo
	2
);

insert
	into
	public.a_tipo_allegato_grup_stat_proc
(
	id,
	flg_obbligatorio,
	flg_testo_libero,
	id_gruppo,
	id_stato_pratica,
	id_tipo_allegato,
	id_tipo_processo)
values(
	251,
	false,
	false,
	2,
--operatore sportello
	4,
--Necessaria integrazione
	33,
--Dichiarazione esenzione marca da bollo
	3
);

insert
	into
	public.a_tipo_allegato_grup_stat_proc
(
	id,
	flg_obbligatorio,
	flg_testo_libero,
	id_gruppo,
	id_stato_pratica,
	id_tipo_allegato,
	id_tipo_processo)
values(
	252,
	false,
	false,
	2,
--operatore sportello
	4,
--Necessaria integrazione
	33,
--Dichiarazione esenzione marca da bollo
	4
);

insert
	into
	public.a_tipo_allegato_grup_stat_proc
(
	id,
	flg_obbligatorio,
	flg_testo_libero,
	id_gruppo,
	id_stato_pratica,
	id_tipo_allegato,
	id_tipo_processo)
values(
	253,
	false,
	false,
	2,
--operatore sportello
	4,
--Necessaria integrazione
	33,
--Dichiarazione esenzione marca da bollo
	5
);

insert
	into
	public.a_tipo_allegato_grup_stat_proc
(
	id,
	flg_obbligatorio,
	flg_testo_libero,
	id_gruppo,
	id_stato_pratica,
	id_tipo_allegato,
	id_tipo_processo)
values(
	254,
	false,
	false,
	2,
--operatore sportello
	4,
--Necessaria integrazione
	33,
--Dichiarazione esenzione marca da bollo
	6
);

insert
	into
	public.a_tipo_allegato_grup_stat_proc
(
	id,
	flg_obbligatorio,
	flg_testo_libero,
	id_gruppo,
	id_stato_pratica,
	id_tipo_allegato,
	id_tipo_processo)
values(
	255,
	false,
	false,
	2,
--operatore sportello
	4,
--Necessaria integrazione
	33,
--Dichiarazione esenzione marca da bollo
	7
);
--Istruttore Municipio 4
insert
	into
	public.a_tipo_allegato_grup_stat_proc
(
	id,
	flg_obbligatorio,
	flg_testo_libero,
	id_gruppo,
	id_stato_pratica,
	id_tipo_allegato,
	id_tipo_processo)
values(
	256,
	false,
	false,
	4,
--Istruttore Municipio
	4,
--Necessaria integrazione
	33,
--Dichiarazione esenzione marca da bollo
	1
);

insert
	into
	public.a_tipo_allegato_grup_stat_proc
(
	id,
	flg_obbligatorio,
	flg_testo_libero,
	id_gruppo,
	id_stato_pratica,
	id_tipo_allegato,
	id_tipo_processo)
values(
	257,
	false,
	false,
	4,
--Istruttore Municipio
	4,
--Necessaria integrazione
	33,
--Dichiarazione esenzione marca da bollo
	2
);

insert
	into
	public.a_tipo_allegato_grup_stat_proc
(
	id,
	flg_obbligatorio,
	flg_testo_libero,
	id_gruppo,
	id_stato_pratica,
	id_tipo_allegato,
	id_tipo_processo)
values(
	258,
	false,
	false,
	4,
--Istruttore Municipio
	4,
--Necessaria integrazione
	33,
--Dichiarazione esenzione marca da bollo
	3
);

insert
	into
	public.a_tipo_allegato_grup_stat_proc
(
	id,
	flg_obbligatorio,
	flg_testo_libero,
	id_gruppo,
	id_stato_pratica,
	id_tipo_allegato,
	id_tipo_processo)
values(
	259,
	false,
	false,
	4,
--Istruttore Municipio
	4,
--Necessaria integrazione
	33,
--Dichiarazione esenzione marca da bollo
	4
);

insert
	into
	public.a_tipo_allegato_grup_stat_proc
(
	id,
	flg_obbligatorio,
	flg_testo_libero,
	id_gruppo,
	id_stato_pratica,
	id_tipo_allegato,
	id_tipo_processo)
values(
	260,
	false,
	false,
	4,
--Istruttore Municipio
	4,
--Necessaria integrazione
	33,
--Dichiarazione esenzione marca da bollo
	5
);

insert
	into
	public.a_tipo_allegato_grup_stat_proc
(
	id,
	flg_obbligatorio,
	flg_testo_libero,
	id_gruppo,
	id_stato_pratica,
	id_tipo_allegato,
	id_tipo_processo)
values(
	261,
	false,
	false,
	4,
--Istruttore Municipio
	4,
--Necessaria integrazione
	33,
--Dichiarazione esenzione marca da bollo
	6
);

insert
	into
	public.a_tipo_allegato_grup_stat_proc
(
	id,
	flg_obbligatorio,
	flg_testo_libero,
	id_gruppo,
	id_stato_pratica,
	id_tipo_allegato,
	id_tipo_processo)
values(
	262,
	false,
	false,
	4,
--Istruttore Municipio
	4,
--Necessaria integrazione
	33,
--Dichiarazione esenzione marca da bollo
	7
);

insert
	into
	public.a_tipo_allegato_grup_stat_proc
(
	id,
	flg_obbligatorio,
	flg_testo_libero,
	id_gruppo,
	id_stato_pratica,
	id_tipo_allegato,
	id_tipo_processo)
values(
	263,
	false,
	false,
	4,
--Istruttore Municipio
	2,
--Verifica formale
	34,
--Documentazione per integrazione/diniego
	1
);

insert
	into
	public.a_tipo_allegato_grup_stat_proc
(
	id,
	flg_obbligatorio,
	flg_testo_libero,
	id_gruppo,
	id_stato_pratica,
	id_tipo_allegato,
	id_tipo_processo)
values(
	264,
	false,
	false,
	4,
--Istruttore Municipio
	2,
--Verifica formale
	34,
--Documentazione per integrazione/diniego
	2
);

insert
	into
	public.a_tipo_allegato_grup_stat_proc
(
	id,
	flg_obbligatorio,
	flg_testo_libero,
	id_gruppo,
	id_stato_pratica,
	id_tipo_allegato,
	id_tipo_processo)
values(
	265,
	false,
	false,
	4,
--Istruttore Municipio
	2,
--Verifica formale
	34,
--Documentazione per integrazione/diniego
	3
);

insert
	into
	public.a_tipo_allegato_grup_stat_proc
(
	id,
	flg_obbligatorio,
	flg_testo_libero,
	id_gruppo,
	id_stato_pratica,
	id_tipo_allegato,
	id_tipo_processo)
values(
	266,
	false,
	false,
	4,
--Istruttore Municipio
	2,
--Verifica formale
	34,
--Documentazione per integrazione/diniego
	4
);

insert
	into
	public.a_tipo_allegato_grup_stat_proc
(
	id,
	flg_obbligatorio,
	flg_testo_libero,
	id_gruppo,
	id_stato_pratica,
	id_tipo_allegato,
	id_tipo_processo)
values(
	267,
	false,
	false,
	4,
--Istruttore Municipio
	2,
--Verifica formale
	34,
--Documentazione per integrazione/diniego
	5
);

insert
	into
	public.a_tipo_allegato_grup_stat_proc
(
	id,
	flg_obbligatorio,
	flg_testo_libero,
	id_gruppo,
	id_stato_pratica,
	id_tipo_allegato,
	id_tipo_processo)
values(
	268,
	false,
	false,
	4,
--Istruttore Municipio
	2,
--Verifica formale
	34,
--Documentazione per integrazione/diniego
	6
);

insert
	into
	public.a_tipo_allegato_grup_stat_proc
(
	id,
	flg_obbligatorio,
	flg_testo_libero,
	id_gruppo,
	id_stato_pratica,
	id_tipo_allegato,
	id_tipo_processo)
values(
	269,
	false,
	false,
	4,
--Istruttore Municipio
	2,
--Verifica formale
	34,
--Documentazione per integrazione/diniego
	7
);

insert
	into
	public.a_tipo_allegato_grup_stat_proc
(
	id,
	flg_obbligatorio,
	flg_testo_libero,
	id_gruppo,
	id_stato_pratica,
	id_tipo_allegato,
	id_tipo_processo)
values(
	270,
	false,
	false,
	4,
--Istruttore Municipio
	3,
--Richiesta pareri
	34,
--Documentazione per integrazione/diniego
	1
);

insert
	into
	public.a_tipo_allegato_grup_stat_proc
(
	id,
	flg_obbligatorio,
	flg_testo_libero,
	id_gruppo,
	id_stato_pratica,
	id_tipo_allegato,
	id_tipo_processo)
values(
	271,
	false,
	false,
	4,
--Istruttore Municipio
	3,
--Richiesta pareri
	34,
--Documentazione per integrazione/diniego
	2
);

insert
	into
	public.a_tipo_allegato_grup_stat_proc
(
	id,
	flg_obbligatorio,
	flg_testo_libero,
	id_gruppo,
	id_stato_pratica,
	id_tipo_allegato,
	id_tipo_processo)
values(
	272,
	false,
	false,
	4,
--Istruttore Municipio
	3,
--Richiesta pareri
	34,
--Documentazione per integrazione/diniego
	3
);

insert
	into
	public.a_tipo_allegato_grup_stat_proc
(
	id,
	flg_obbligatorio,
	flg_testo_libero,
	id_gruppo,
	id_stato_pratica,
	id_tipo_allegato,
	id_tipo_processo)
values(
	273,
	false,
	false,
	4,
--Istruttore Municipio
	3,
--Richiesta pareri
	34,
--Documentazione per integrazione/diniego
	4
);

insert
	into
	public.a_tipo_allegato_grup_stat_proc
(
	id,
	flg_obbligatorio,
	flg_testo_libero,
	id_gruppo,
	id_stato_pratica,
	id_tipo_allegato,
	id_tipo_processo)
values(
	274,
	false,
	false,
	4,
--Istruttore Municipio
    3,
--Richiesta pareri
	34,
--Documentazione per integrazione/diniego
	5
);

insert
	into
	public.a_tipo_allegato_grup_stat_proc
(
	id,
	flg_obbligatorio,
	flg_testo_libero,
	id_gruppo,
	id_stato_pratica,
	id_tipo_allegato,
	id_tipo_processo)
values(
	275,
	false,
	false,
	4,
--Istruttore Municipio
	3,
--Richiesta pareri
	34,
--Documentazione per integrazione/diniego
	6
);

insert
	into
	public.a_tipo_allegato_grup_stat_proc
(
	id,
	flg_obbligatorio,
	flg_testo_libero,
	id_gruppo,
	id_stato_pratica,
	id_tipo_allegato,
	id_tipo_processo)
values(
	276,
	false,
	false,
	4,
--Istruttore Municipio
	3,
--Richiesta pareri
	34,
--Documentazione per integrazione/diniego
	7
);
--end nuovi

--Insert Tipo Attivita Da Svolgere

INSERT INTO tp_tipo_attivita_da_svolgere
(id, descrizione, flg_testo_libero)
VALUES(1, 'Edilizia', false);
INSERT INTO tp_tipo_attivita_da_svolgere
(id, descrizione, flg_testo_libero)
VALUES(2, 'Altro', true);


--Insert Tipologia Titolo Edilizio

INSERT INTO tp_tipologia_titolo_edilizio
(id, descrizione, flg_testo_libero)
VALUES(1, 'SCIA', false);
INSERT INTO tp_tipologia_titolo_edilizio
(id, descrizione, flg_testo_libero)
VALUES(2, 'CILA', false);
INSERT INTO tp_tipologia_titolo_edilizio
(id, descrizione, flg_testo_libero)
VALUES(3, 'Permesso di costruire', false);
INSERT INTO tp_tipologia_titolo_edilizio
(id, descrizione, flg_testo_libero)
VALUES(4, 'Altro', true);


--Insert Tipo Manufatto

INSERT INTO tp_tipo_manufatto
(id, descrizione, flg_testo_libero)
VALUES(1, 'Paletti', false);
INSERT INTO tp_tipo_manufatto
(id, descrizione, flg_testo_libero)
VALUES(2, 'Archetti parapedonali', false);
INSERT INTO tp_tipo_manufatto
(id, descrizione, flg_testo_libero)
VALUES(3, 'Altro', true);


--Insert Tipo Doc Allegato

INSERT INTO tp_tipo_doc_allegato
(id, descrizione)
VALUES(1, 'Carta d''identità');
INSERT INTO tp_tipo_doc_allegato
(id, descrizione)
VALUES(2, 'Patente');
INSERT INTO tp_tipo_doc_allegato
(id, descrizione)
VALUES(3, 'Passaporto');


--Insert Tipo Notifica Scadenzario

INSERT INTO tp_tipo_notifica_scadenzario
(id, descrizione)
VALUES(1, 'Concessione scaduta');
INSERT INTO tp_tipo_notifica_scadenzario
(id, descrizione)
VALUES(2, 'Concessione temporanea in scadenza');
INSERT INTO tp_tipo_notifica_scadenzario
(id, descrizione)
VALUES(3, 'Tempi procedimentali scaduti');
INSERT INTO tp_tipo_notifica_scadenzario
(id, descrizione)
VALUES(4, 'Tempi procedimentali in scadenza');
INSERT INTO tp_tipo_notifica_scadenzario
(id, descrizione)
VALUES(5, 'Scadenza tempistiche integrazione');
INSERT INTO tp_tipo_notifica_scadenzario
(id, descrizione)
VALUES(6, 'Scadenza tempistiche diniego');
INSERT INTO tp_tipo_notifica_scadenzario
(id, descrizione)
VALUES(7, 'Scadenza tempistiche pagamento');


--Insert Utente Admin
INSERT INTO t_utente
(id, codice_fiscale, cognome, data_di_nascita, date_created, email, enabled, last_login, luogo_di_nascita, nome, num_tel, password_, provincia_di_nascita, ragione_sociale, sesso, uo_id, username, id_gruppo)
VALUES((select nextval('seq_utente')), 'DMNDMN00A01H501R', 'Admin', NULL, now(), 'osp.comune.ba@gmail.com', true, NULL, NULL, 'Admin', NULL, '$2a$10$s07QXhSwVkfW6JmWq2/6pOj2vLmCOLAx/N3rO0UW6hnFVCrvMebR2', NULL, NULL, NULL, NULL, 'admin', 1);

--Insert Utente EGOV
INSERT INTO t_utente
(id, codice_fiscale, cognome, data_di_nascita, date_created, email, enabled, last_login, luogo_di_nascita, nome, num_tel, password_, provincia_di_nascita, ragione_sociale, sesso, uo_id, username, id_gruppo)
VALUES((select nextval('seq_utente')), 'EGVEGV00A01H501R', 'Egov', NULL, now(), 'osp.comune.ba@gmail.com', true, NULL, NULL, 'Egov', NULL, '$2a$10$Ol.frHzNpq2lYdSAeOx1GuWVuMW4R4PFZSlxMDCLTfPMQiEwogJP2', NULL, NULL, NULL, NULL, 'egov', 20);

--Insert Tipo Template
INSERT INTO tp_tipo_template (id, descrizione) VALUES (1, 'Determina di concessione');
INSERT INTO tp_tipo_template (id, descrizione) VALUES (2, 'Determina di proroga');
INSERT INTO tp_tipo_template (id, descrizione) VALUES (3, 'Determina di rigetto');
INSERT INTO tp_tipo_template (id, descrizione) VALUES (4, 'Determina di rinuncia');
INSERT INTO tp_tipo_template (id, descrizione) VALUES (5, 'Determina di rettifica');
INSERT INTO tp_tipo_template (id, descrizione) VALUES (6, 'Determina di revoca');
INSERT INTO tp_tipo_template (id, descrizione) VALUES (7, 'Determina di decadenza');
INSERT INTO tp_tipo_template (id, descrizione) VALUES (8, 'Determina di annullamento');
INSERT INTO tp_tipo_template (id, descrizione) VALUES (10, 'Ordinanza');
INSERT INTO tp_tipo_template (id, descrizione) VALUES (11, 'Relazione di servizio');
INSERT INTO tp_tipo_template (id, descrizione) VALUES (12, 'Istruttoria tecnica IVOOPP - Settore Urbanizzazioni Primarie');
INSERT INTO tp_tipo_template (id, descrizione) VALUES (13, 'Istruttoria tecnica IVOOPP - Settore Giardini');
INSERT INTO tp_tipo_template (id, descrizione) VALUES (14, 'Istruttoria tecnica IVOOPP - Settore Interventi sul Territorio');
INSERT INTO tp_tipo_template (id, descrizione) VALUES (15, 'Istruttoria tecnica IVOOPP - Settore Infrastrutture a Rete');
INSERT INTO tp_tipo_template (id, descrizione) VALUES (16, 'Istruttoria tecnica Ripartizione Urbanistica');
INSERT INTO tp_tipo_template (id, descrizione) VALUES (17, 'Istruttoria tecnica Ripartizione Patrimonio');

--nuovi
INSERT INTO tp_tipo_template (id, descrizione) VALUES (18, 'Determina Proroga Esente Bollo');
INSERT INTO tp_tipo_template (id, descrizione) VALUES (19, 'Determina Proroga Esente Bollo CUP');
INSERT INTO tp_tipo_template (id, descrizione) VALUES (20, 'Determina Proroga Esente CUP');
INSERT INTO tp_tipo_template (id, descrizione) VALUES (21, 'Determina Concessione Esente Bollo');
INSERT INTO tp_tipo_template (id, descrizione) VALUES (22, 'Determina Concessione Esente Bollo CUP');
INSERT INTO tp_tipo_template (id, descrizione) VALUES (23, 'Determina Concessione Esente CUP');
--end nuovi

-- Insert template

INSERT INTO t_template
(id, data_inserimento, data_modifica, file_template, mime_type, nome_file, id_tipo_template, id_utente_modifica)
VALUES((select nextval('seq_template')), (select CURRENT_TIMESTAMP), NULL, decode('CA','hex'), 'application/vnd.openxmlformats-officedocument.wordprocessingml.document', 'TemplateDeterminaConcessione.docx', 1, NULL);

INSERT INTO t_template
(id, data_inserimento, data_modifica, file_template, mime_type, nome_file, id_tipo_template, id_utente_modifica)
VALUES((select nextval('seq_template')), (select CURRENT_TIMESTAMP), NULL, decode('CA','hex'), 'application/vnd.openxmlformats-officedocument.wordprocessingml.document', 'TemplateDeterminaProroga.docx', 2, NULL);

INSERT INTO t_template
(id, data_inserimento, data_modifica, file_template, mime_type, nome_file, id_tipo_template, id_utente_modifica)
VALUES((select nextval('seq_template')), (select CURRENT_TIMESTAMP), NULL, decode('CA','hex'), 'application/vnd.openxmlformats-officedocument.wordprocessingml.document', 'TemplateDeterminaRigetto.docx', 3, NULL);

INSERT INTO t_template
(id, data_inserimento, data_modifica, file_template, mime_type, nome_file, id_tipo_template, id_utente_modifica)
VALUES((select nextval('seq_template')), (select CURRENT_TIMESTAMP), NULL, decode('CA','hex'), 'application/vnd.openxmlformats-officedocument.wordprocessingml.document', 'TemplateDeterminaRinuncia.docx', 4, NULL);

INSERT INTO t_template
(id, data_inserimento, data_modifica, file_template, mime_type, nome_file, id_tipo_template, id_utente_modifica)
VALUES((select nextval('seq_template')), (select CURRENT_TIMESTAMP), NULL, decode('CA','hex'), 'application/vnd.openxmlformats-officedocument.wordprocessingml.document', 'TemplateDeterminaRettifica.docx', 5, NULL);

INSERT INTO t_template
(id, data_inserimento, data_modifica, file_template, mime_type, nome_file, id_tipo_template, id_utente_modifica)
VALUES((select nextval('seq_template')), (select CURRENT_TIMESTAMP), NULL, decode('CA','hex'), 'application/vnd.openxmlformats-officedocument.wordprocessingml.document', 'TemplateDeterminaRevoca.docx', 6, NULL);

INSERT INTO t_template
(id, data_inserimento, data_modifica, file_template, mime_type, nome_file, id_tipo_template, id_utente_modifica)
VALUES((select nextval('seq_template')), (select CURRENT_TIMESTAMP), NULL, decode('CA','hex'), 'application/vnd.openxmlformats-officedocument.wordprocessingml.document', 'TemplateDeterminaDecadenza.docx', 7, NULL);

INSERT INTO t_template
(id, data_inserimento, data_modifica, file_template, mime_type, nome_file, id_tipo_template, id_utente_modifica)
VALUES((select nextval('seq_template')), (select CURRENT_TIMESTAMP), NULL, decode('CA','hex'), 'application/vnd.openxmlformats-officedocument.wordprocessingml.document', 'TemplateDeterminaAnnullamento.docx', 8, NULL);

INSERT INTO t_template
(id, data_inserimento, data_modifica, file_template, mime_type, nome_file, id_tipo_template, id_utente_modifica)
VALUES((select nextval('seq_template')), (select CURRENT_TIMESTAMP), NULL, decode('CA','hex'), 'application/vnd.openxmlformats-officedocument.wordprocessingml.document', 'TemplateDeterminaSospensione.docx', 9, NULL);

INSERT INTO t_template
(id, data_inserimento, data_modifica, file_template, mime_type, nome_file, id_tipo_template, id_utente_modifica)
VALUES((select nextval('seq_template')), (select CURRENT_TIMESTAMP), NULL, decode('CA','hex'), 'application/vnd.openxmlformats-officedocument.wordprocessingml.document', 'TemplateOrdinanza.docx', 10, NULL);

INSERT INTO t_template
(id, data_inserimento, data_modifica, file_template, mime_type, nome_file, id_tipo_template, id_utente_modifica)
VALUES((select nextval('seq_template')), (select CURRENT_TIMESTAMP), NULL, decode('CA','hex'), 'application/vnd.openxmlformats-officedocument.wordprocessingml.document', 'TemplateRelazioneServizio.docx', 11, NULL);

INSERT INTO t_template
(id, data_inserimento, data_modifica, file_template, mime_type, nome_file, id_tipo_template, id_utente_modifica)
VALUES((select nextval('seq_template')), (select CURRENT_TIMESTAMP), NULL, decode('CA','hex'), 'application/vnd.openxmlformats-officedocument.wordprocessingml.document', 'TemplateIstruttoriaIVOOPP-UrbanizzazioniPrimarie.docx', 12, NULL);

INSERT INTO t_template
(id, data_inserimento, data_modifica, file_template, mime_type, nome_file, id_tipo_template, id_utente_modifica)
VALUES((select nextval('seq_template')), (select CURRENT_TIMESTAMP), NULL, decode('CA','hex'), 'application/vnd.openxmlformats-officedocument.wordprocessingml.document', 'TemplateIstruttoriaIVOOPP-Giardini.docx', 13, NULL);

INSERT INTO t_template
(id, data_inserimento, data_modifica, file_template, mime_type, nome_file, id_tipo_template, id_utente_modifica)
VALUES((select nextval('seq_template')), (select CURRENT_TIMESTAMP), NULL, decode('CA','hex'), 'application/vnd.openxmlformats-officedocument.wordprocessingml.document', 'TemplateIstruttoriaIVOOPP-InterventiTerritorio.docx', 14, NULL);

INSERT INTO t_template
(id, data_inserimento, data_modifica, file_template, mime_type, nome_file, id_tipo_template, id_utente_modifica)
VALUES((select nextval('seq_template')), (select CURRENT_TIMESTAMP), NULL, decode('CA','hex'), 'application/vnd.openxmlformats-officedocument.wordprocessingml.document', 'TemplateIstruttoriaIVOOPP-InfrastruttureRete.docx', 15, NULL);

INSERT INTO t_template
(id, data_inserimento, data_modifica, file_template, mime_type, nome_file, id_tipo_template, id_utente_modifica)
VALUES((select nextval('seq_template')), (select CURRENT_TIMESTAMP), NULL, decode('CA','hex'), 'application/vnd.openxmlformats-officedocument.wordprocessingml.document', 'TemplateIstruttoriaUrbanistica.docx', 16, NULL);

INSERT INTO t_template
(id, data_inserimento, data_modifica, file_template, mime_type, nome_file, id_tipo_template, id_utente_modifica)
VALUES((select nextval('seq_template')), (select CURRENT_TIMESTAMP), NULL, decode('CA','hex'), 'application/vnd.openxmlformats-officedocument.wordprocessingml.document', 'TemplateIstruttoriaPatrimonio.docx', 17, NULL);


--nuovi
INSERT INTO t_template
(id, data_inserimento, data_modifica, file_template, mime_type, nome_file, id_tipo_template, id_utente_modifica)
VALUES((select nextval('seq_template')), (select CURRENT_TIMESTAMP), NULL, decode('CA','hex'), 'application/vnd.openxmlformats-officedocument.wordprocessingml.document', 'TemplateDeterminaProrogaEsenteBollo.docx', 18, NULL);
INSERT INTO t_template
(id, data_inserimento, data_modifica, file_template, mime_type, nome_file, id_tipo_template, id_utente_modifica)
VALUES((select nextval('seq_template')), (select CURRENT_TIMESTAMP), NULL, decode('CA','hex'), 'application/vnd.openxmlformats-officedocument.wordprocessingml.document', 'TemplateDeterminaProrogaEsenteBolloCUP.docx', 19, NULL);
INSERT INTO t_template
(id, data_inserimento, data_modifica, file_template, mime_type, nome_file, id_tipo_template, id_utente_modifica)
VALUES((select nextval('seq_template')), (select CURRENT_TIMESTAMP), NULL, decode('CA','hex'), 'application/vnd.openxmlformats-officedocument.wordprocessingml.document', 'TemplateDeterminaProrogaEsenteCUP.docx', 20, NULL);
INSERT INTO t_template
(id, data_inserimento, data_modifica, file_template, mime_type, nome_file, id_tipo_template, id_utente_modifica)
VALUES((select nextval('seq_template')), (select CURRENT_TIMESTAMP), NULL, decode('CA','hex'), 'application/vnd.openxmlformats-officedocument.wordprocessingml.document', 'TemplateDeterminaConcessioneEsenteBollo.docx', 21, NULL);
INSERT INTO t_template
(id, data_inserimento, data_modifica, file_template, mime_type, nome_file, id_tipo_template, id_utente_modifica)
VALUES((select nextval('seq_template')), (select CURRENT_TIMESTAMP), NULL, decode('CA','hex'), 'application/vnd.openxmlformats-officedocument.wordprocessingml.document', 'TemplateDeterminaConcessioneEsenteBolloCUP.docx', 22, NULL);
INSERT INTO t_template
(id, data_inserimento, data_modifica, file_template, mime_type, nome_file, id_tipo_template, id_utente_modifica)
VALUES((select nextval('seq_template')), (select CURRENT_TIMESTAMP), NULL, decode('CA','hex'), 'application/vnd.openxmlformats-officedocument.wordprocessingml.document', 'TemplateDeterminaConcessioneEsenteCUP.docx', 23, NULL);
--end nuovi


-- Insert automi protocollo
INSERT INTO public.t_automi_protocollo
(id, uo_id, id_municipio, denominazione, "label", data_inserimento, data_modifica)
VALUES(1, '3668', 1, 'Ufficio di Ricezione (Municipio 1)', 'Ufficio di Ricezione (Municipio 1)', (select CURRENT_TIMESTAMP), null);
INSERT INTO public.t_automi_protocollo
(id, uo_id, id_municipio, denominazione, "label", data_inserimento, data_modifica)
VALUES(2, '3669', 2, 'Ufficio di Ricezione (Municipio 2)', 'Ufficio di Ricezione (Municipio 2)', (select CURRENT_TIMESTAMP), null);
INSERT INTO public.t_automi_protocollo
(id, uo_id, id_municipio, denominazione, "label", data_inserimento, data_modifica)
VALUES(3, '3670', 3, 'Ufficio di Ricezione (Municipio 3)', 'Ufficio di Ricezione (Municipio 3)', (select CURRENT_TIMESTAMP), null);
INSERT INTO public.t_automi_protocollo
(id, uo_id, id_municipio, denominazione, "label", data_inserimento, data_modifica)
VALUES(4, '3671', 4, 'Ufficio di Ricezione (Municipio 4)', 'Ufficio di Ricezione (Municipio 4)', (select CURRENT_TIMESTAMP), null);
INSERT INTO public.t_automi_protocollo
(id, uo_id, id_municipio, denominazione, "label", data_inserimento, data_modifica)
VALUES(5, '3672', 5, 'Ufficio di Ricezione (Municipio 5)', 'Ufficio di Ricezione (Municipio 5)', (select CURRENT_TIMESTAMP), null);
INSERT INTO public.t_automi_protocollo
(id, uo_id, id_municipio, denominazione, "label", data_inserimento, data_modifica)
VALUES(6, '3673', NULL, 'Ufficio di Ricezione (Rip. Corpo di Polizia Municipale e Protezione Civile)', 'Ufficio di Ricezione (Rip. Corpo di Polizia Municipale e Protezione Civile)', (select CURRENT_TIMESTAMP), null);
INSERT INTO public.t_automi_protocollo
(id, uo_id, id_municipio, denominazione, "label", data_inserimento, data_modifica)
VALUES(7, '3674', NULL, 'Ufficio di Ricezione (Rip. Ragioneria Generale)', 'Ufficio di Ricezione (Rip. Ragioneria Generale)', (select CURRENT_TIMESTAMP), null);
INSERT INTO public.t_automi_protocollo
(id, uo_id, id_municipio, denominazione, "label", data_inserimento, data_modifica)
VALUES(8, '3901', NULL, 'Ufficio di Ricezione (Rip. Urbanistica ed Edilizia Privata)', 'Ufficio di Ricezione (Rip. Urbanistica ed Edilizia Privata)', (select CURRENT_TIMESTAMP), null);
INSERT INTO public.t_automi_protocollo
(id, uo_id, id_municipio, denominazione, "label", data_inserimento, data_modifica)
VALUES(9, '3809', NULL, 'Ufficio di Ricezione (Rip. Patrimonio)', 'Ufficio di Ricezione (Rip. Patrimonio)', (select CURRENT_TIMESTAMP), null);
INSERT INTO public.t_automi_protocollo
(id, uo_id, id_municipio, denominazione, "label", data_inserimento, data_modifica)
VALUES(10, '3810', NULL, 'POS Infrastrutture a Rete', 'POS Infrastrutture a Rete', (select CURRENT_TIMESTAMP), null);
INSERT INTO public.t_automi_protocollo
(id, uo_id, id_municipio, denominazione, "label", data_inserimento, data_modifica)
VALUES(11, '3811', NULL, 'Segreteria Settore Giardini', 'Segreteria Settore Giardini', (select CURRENT_TIMESTAMP), null);
INSERT INTO public.t_automi_protocollo
(id, uo_id, id_municipio, denominazione, "label", data_inserimento, data_modifica)
VALUES(12, '3812', NULL, 'Segreteria Settore Interventi sul territorio', 'Segreteria Settore Interventi sul territorio', (select CURRENT_TIMESTAMP), null);
INSERT INTO public.t_automi_protocollo
(id, uo_id, id_municipio, denominazione, "label", data_inserimento, data_modifica)
VALUES(13, '3813', NULL, 'Segreteria Settore Urbanizzazioni Primarie', 'Segreteria Settore Urbanizzazioni Primarie', (select CURRENT_TIMESTAMP), null);
INSERT INTO public.t_automi_protocollo
(id, uo_id, id_municipio, denominazione, "label", data_inserimento, data_modifica)
VALUES(14, '3902', NULL, 'Ufficio di Ricezione (Rip. Tributi)', 'Ufficio di Ricezione (Rip. Tributi)', (select CURRENT_TIMESTAMP), null);
-- end Insert automi protocollo
